,"國內生產及要素所得",
,,,,,,,,"單位：新臺幣百萬元"
"統計期","行業","生產總額","中間消費","國內生產毛額","生產及進口稅淨額","固定資本消耗","受僱人員報酬","營業盈餘"
"103年","A.農、林、漁、牧業",625086,322305,302781,-13888,19431,63033,234205
"103年","B.礦業及土石採取業",25935,11607,14328,511,3362,4474,5981
"103年","C.製造業",20893174,15836536,5056638,226079,1181612,1944999,1703948
"103年","　CA.食品及飼品製造業",712037,597087,114950,3730,11284,64449,35487
"103年","　CB.飲料及菸草製造業",130539,47561,82978,52289,4131,16142,10416
"103年","　CC.紡織業",410699,315427,95272,802,10376,58918,25176
"103年","　CD.成衣及服飾品製造業",150671,114422,36249,290,1472,23735,10752
"103年","　CE.皮革、毛皮及其製品製造業",60471,42984,17487,136,2046,10056,5249
"103年","　CF.木竹製品製造業",47062,36285,10777,125,1250,8310,1092
"103年","　CG.紙漿、紙及紙製品製造業",228897,179302,49595,427,5309,29755,14104
"103年","　CH.印刷及資料儲存媒體複製業",119462,78022,41440,241,4615,27484,9100
"103年","　CI.石油及煤製品製造業",1383826,1269001,114825,94513,28997,24738,-33423
"103年","　CJ.化學材料及肥料製造業",2475512,2227540,247972,2229,55151,83733,106859
"103年","　CK.其他化學製品製造業",315439,235715,79724,759,8473,40393,30099
"103年","　CL.藥品及醫用化學製品製造業",104275,65160,39115,262,7098,18569,13186
"103年","　CM.橡膠製品製造業",118559,71356,47203,1456,4018,25758,15971
"103年","　CN.塑膠製品製造業",475650,357897,117753,1412,12538,67417,36386
"103年","　CO.非金屬礦物製品製造業",434470,314682,119788,6346,21705,61829,29908
"103年","　CP.基本金屬製造業",1964500,1663114,301386,3069,38228,90757,169332
"103年","　CQ.金屬製品製造業",986280,694411,291869,3972,33990,185734,68173
"103年","　CR.電子零組件製造業",4867723,2968681,1899042,5056,714840,486601,692545
"103年","　CS.電腦、電子產品及光學製品製造業",2840654,2251372,589282,4164,123363,211552,250203
"103年","　CT.電力設備及配備製造業",655571,503494,152077,4543,23515,83913,40106
"103年","　CU.機械設備製造業",1030557,774551,256006,2993,22094,135558,95361
"103年","　CV.汽車及其零件製造業",538891,402738,136153,30881,21608,58116,25548
"103年","　CW.其他運輸工具及其零件製造業",383940,296622,87318,5222,12768,48448,20880
"103年","　CX.家具製造業",80918,63189,17729,169,1748,13175,2637
"103年","　CY.其他製造業",376571,265923,110648,993,10995,69859,28801
"103年","D.電力及燃氣供應業",822347,583562,238785,4025,121890,43767,69103
"103年","E.用水供應及污染整治業",206574,112600,93974,451,15540,27038,50945
"103年","F.營建工程業",1518340,1107885,410455,5684,21290,297575,85906
"103年","G.批發及零售業",3683000,1076950,2606050,55073,141338,1074847,1334792
"103年","H.運輸及倉儲業",1219131,750968,468163,6432,103149,217972,140610
"103年","I.住宿及餐飲業",819792,432195,387597,5241,28887,235199,118270
"103年","J.出版影音及資通訊業",945078,447163,497915,10594,103620,216510,167191
"103年","K.金融及保險業",1543110,489026,1054084,42014,93693,530629,387748
"103年","L.不動產及住宅服務業",1710054,382044,1328010,49824,180165,69495,1028526
"103年","M.專業、科學及技術服務業",621451,263918,357533,4070,51965,210515,90983
"103年","N.支援服務業",362441,113655,248786,3293,32732,184688,28073
"103年","O.公共行政及國防；強制性社會安全",1441042,394546,1046496,5382,344629,696485,0
"103年","P.教育業",899921,163606,736315,-12828,59040,645907,44196
"103年","Q.醫療保健及社會工作服務業",732589,274147,458442,-11407,45232,333278,91339
"103年","R.藝術、娛樂及休閒服務業",216436,80676,135760,5057,12345,91590,26768
"103年","S.其他服務業",651263,230941,420322,10865,10449,310292,88716
"103年","合計",38936764,23074330,15862434,396472,2570369,7198293,5697300
"103年","進口稅",181309,0,181309,181309,0,0,0
"103年","加值型營業稅",299714,0,299714,299714,0,0,0
"103年","總計(生產面)",39417787,23074330,16343457,877495,2570369,7198293,5697300
"103年","補充項目:ICT產業",8393914,5506648,2887266,18532,935431,861918,1071385
"104年","A.農、林、漁、牧業",607694,308839,298855,-16176,20018,64035,230978
"104年","B.礦業及土石採取業",22412,9155,13257,191,3254,4156,5656
"104年","C.製造業",19344571,13995639,5348932,230266,1201011,2081773,1835882
"104年","　CA.食品及飼品製造業",702371,578171,124200,3949,11332,67852,41067
"104年","　CB.飲料及菸草製造業",131136,46515,84621,52600,4073,17223,10725
"104年","　CC.紡織業",413269,305580,107689,823,9811,62466,34589
"104年","　CD.成衣及服飾品製造業",155420,117013,38407,273,1429,25150,11555
"104年","　CE.皮革、毛皮及其製品製造業",58841,40214,18627,142,2078,10487,5920
"104年","　CF.木竹製品製造業",48161,36722,11439,138,1231,8799,1271
"104年","　CG.紙漿、紙及紙製品製造業",225842,174509,51333,460,5229,30050,15594
"104年","　CH.印刷及資料儲存媒體複製業",122686,79724,42962,241,4628,31116,6977
"104年","　CI.石油及煤製品製造業",922347,769529,152818,97694,27925,25858,1341
"104年","　CJ.化學材料及肥料製造業",2027131,1695829,331302,2234,55876,86304,186888
"104年","　CK.其他化學製品製造業",310337,223414,86923,781,8689,41858,35595
"104年","　CL.藥品及醫用化學製品製造業",102655,61342,41313,246,7418,19967,13682
"104年","　CM.橡膠製品製造業",117291,68713,48578,1710,4034,26469,16365
"104年","　CN.塑膠製品製造業",470971,341060,129911,1408,12189,72331,43983
"104年","　CO.非金屬礦物製品製造業",416050,296989,119061,5997,21351,62271,29442
"104年","　CP.基本金屬製造業",1573485,1323034,250451,3226,36631,93470,117124
"104年","　CQ.金屬製品製造業",1004380,685959,318421,4160,33070,203897,77294
"104年","　CR.電子零組件製造業",4620745,2664819,1955926,5341,732296,541141,677148
"104年","　CS.電腦、電子產品及光學製品製造業",2889574,2258084,631490,3873,128344,223135,276138
"104年","　CT.電力設備及配備製造業",644173,485467,158706,4953,23674,85663,44416
"104年","　CU.機械設備製造業",1017022,753544,263478,3405,22572,143411,94090
"104年","　CV.汽車及其零件製造業",519708,371478,148230,29836,21646,61286,35462
"104年","　CW.其他運輸工具及其零件製造業",393982,297898,96084,5621,12721,52161,25581
"104年","　CX.家具製造業",84651,64517,20134,153,1679,13495,4807
"104年","　CY.其他製造業",372343,255515,116828,1002,11085,75913,28828
"104年","D.電力及燃氣供應業",756974,453513,303461,3597,118383,52781,128700
"104年","E.用水供應及污染整治業",199935,108253,91682,467,15838,28945,46432
"104年","F.營建工程業",1497225,1076899,420326,5659,21039,306462,87166
"104年","G.批發及零售業",3718005,1053260,2664745,56411,142867,1107064,1358403
"104年","H.運輸及倉儲業",1229791,713198,516593,6680,106608,232786,170519
"104年","I.住宿及餐飲業",886095,469523,416572,5392,30793,253367,127020
"104年","J.出版影音及資通訊業",986487,460360,526127,11155,106275,228259,180438
"104年","K.金融及保險業",1600527,501182,1099345,52820,98922,557861,389742
"104年","L.不動產及住宅服務業",1765787,397831,1367956,54754,183931,69556,1059715
"104年","M.專業、科學及技術服務業",637845,268290,369555,4103,56518,214564,94370
"104年","N.支援服務業",400095,125723,274372,3505,35734,197648,37485
"104年","O.公共行政及國防；強制性社會安全",1407409,367928,1039481,5387,333976,700118,0
"104年","P.教育業",903185,163635,739550,-11099,58034,653401,39214
"104年","Q.醫療保健及社會工作服務業",759300,278507,480793,-11328,46406,359412,86303
"104年","R.藝術、娛樂及休閒服務業",223256,82797,140459,5211,11779,94116,29353
"104年","S.其他服務業",643678,217456,426222,11335,10250,310658,93979
"104年","合計",37590271,21051988,16538283,418330,2601636,7516962,6001355
"104年","進口稅",193518,0,193518,193518,0,0,0
"104年","加值型營業稅",290819,0,290819,290819,0,0,0
"104年","總計(生產面)",38074608,21051988,17022620,902667,2601636,7516962,6001355
"104年","補充項目:ICT產業",8230242,5218014,3012228,19071,960324,937088,1095745
"105年","A.農、林、漁、牧業",632735,305233,327502,-20416,20985,63188,263745
"105年","B.礦業及土石採取業",18258,7440,10818,352,3391,3721,3354
"105年","C.製造業",18810572,13154866,5655706,246120,1262019,2167236,1980331
"105年","　CA.食品及飼品製造業",721724,584714,137010,4015,11749,71047,50199
"105年","　CB.飲料及菸草製造業",142188,49890,92298,60050,4174,18790,9284
"105年","　CC.紡織業",393418,284763,108655,966,9589,66407,31693
"105年","　CD.成衣及服飾品製造業",152769,114541,38228,301,1428,25563,10936
"105年","　CE.皮革、毛皮及其製品製造業",53987,35866,18121,127,2158,10952,4884
"105年","　CF.木竹製品製造業",48826,36512,12314,172,1252,9310,1580
"105年","　CG.紙漿、紙及紙製品製造業",223774,170736,53038,545,5408,32219,14866
"105年","　CH.印刷及資料儲存媒體複製業",126544,81522,45022,262,4811,31825,8124
"105年","　CI.石油及煤製品製造業",786905,590497,196408,99521,28438,26441,42008
"105年","　CJ.化學材料及肥料製造業",1921973,1545994,375979,2739,57401,92728,223111
"105年","　CK.其他化學製品製造業",307390,218617,88773,825,9047,42417,36484
"105年","　CL.藥品及醫用化學製品製造業",108124,62108,46016,300,8045,21523,16148
"105年","　CM.橡膠製品製造業",116542,69109,47433,1663,4249,27279,14242
"105年","　CN.塑膠製品製造業",474843,336295,138548,1631,12265,77726,46926
"105年","　CO.非金屬礦物製品製造業",395422,275107,120315,6738,21508,65097,26972
"105年","　CP.基本金屬製造業",1499537,1221214,278323,3864,36345,93442,144672
"105年","　CQ.金屬製品製造業",1027828,686606,341222,4779,33349,211416,91678
"105年","　CR.電子零組件製造業",4618172,2564871,2053301,5634,779685,566548,701434
"105年","　CS.電腦、電子產品及光學製品製造業",2701311,2060599,640712,4190,134302,226602,275618
"105年","　CT.電力設備及配備製造業",634367,468634,165733,5451,24502,86846,48934
"105年","　CU.機械設備製造業",992615,728825,263790,3840,23563,150721,85666
"105年","　CV.汽車及其零件製造業",507309,355637,151672,29577,22462,62545,37088
"105年","　CW.其他運輸工具及其零件製造業",379505,283552,95953,8002,13126,54230,20595
"105年","　CX.家具製造業",86167,64941,21226,213,1692,14218,5103
"105年","　CY.其他製造業",389332,263716,125616,715,11471,81344,32086
"105年","D.電力及燃氣供應業",690814,394386,296428,6927,119660,45530,124311
"105年","E.用水供應及污染整治業",207324,109317,98007,446,16764,27964,52833
"105年","F.營建工程業",1472623,1061469,411154,6471,21558,306231,76894
"105年","G.批發及零售業",3716157,1038150,2678007,59082,146453,1120555,1351917
"105年","H.運輸及倉儲業",1208398,697157,511241,6894,111231,242771,150345
"105年","I.住宿及餐飲業",942504,506839,435665,6095,33005,270815,125750
"105年","J.出版影音及資通訊業",1026079,477005,549074,10995,111738,243308,183033
"105年","K.金融及保險業",1629880,505053,1124827,56537,105269,586238,376783
"105年","L.不動產及住宅服務業",1791380,392117,1399263,60613,188885,67818,1081947
"105年","M.專業、科學及技術服務業",656829,274789,382040,4599,61193,216212,100036
"105年","N.支援服務業",428979,134920,294059,3857,39363,208177,42662
"105年","O.公共行政及國防；強制性社會安全",1474639,424191,1050448,6312,330411,713725,0
"105年","P.教育業",898998,159643,739355,-10526,57961,665058,26862
"105年","Q.醫療保健及社會工作服務業",796264,284241,512023,-10732,48900,377932,95923
"105年","R.藝術、娛樂及休閒服務業",225580,84490,141090,5651,11872,98436,25131
"105年","S.其他服務業",653619,223269,430350,11802,10298,315943,92307
"105年","合計",37281632,20234575,17047057,451079,2700956,7740858,6154164
"105年","進口稅",199880,0,199880,199880,0,0,0
"105年","加值型營業稅",308331,0,308331,308331,0,0,0
"105年","總計(生產面)",37789843,20234575,17555268,959290,2700956,7740858,6154164
"105年","補充項目:ICT產業",8078700,4936292,3142408,19914,1020325,979408,1122761
"106年","A.農、林、漁、牧業",640051,310329,329722,-13764,21625,63747,258114
"106年","B.礦業及土石採取業",18040,7474,10566,603,3348,3686,2929
"106年","C.製造業",19709737,13758043,5951694,251683,1293493,2285745,2120773
"106年","　CA.食品及飼品製造業",740078,597032,143046,4009,12170,75835,51032
"106年","　CB.飲料及菸草製造業",158405,55242,103163,70831,4246,18257,9829
"106年","　CC.紡織業",390096,285631,104465,956,9248,69986,24275
"106年","　CD.成衣及服飾品製造業",152340,117751,34589,225,1429,25339,7596
"106年","　CE.皮革、毛皮及其製品製造業",53616,36149,17467,128,2262,11724,3353
"106年","　CF.木竹製品製造業",49833,37406,12427,148,1220,9389,1670
"106年","　CG.紙漿、紙及紙製品製造業",237349,180966,56383,509,5428,32647,17799
"106年","　CH.印刷及資料儲存媒體複製業",122852,78588,44264,246,4866,32888,6264
"106年","　CI.石油及煤製品製造業",915639,714713,200926,94832,27943,26039,52112
"106年","　CJ.化學材料及肥料製造業",2156314,1704899,451415,2745,56949,95535,296186
"106年","　CK.其他化學製品製造業",321784,231157,90627,848,9218,44703,35858
"106年","　CL.藥品及醫用化學製品製造業",107004,64612,42392,294,8529,23384,10185
"106年","　CM.橡膠製品製造業",120066,74604,45462,1601,4442,27765,11654
"106年","　CN.塑膠製品製造業",481164,342629,138535,1679,12025,80017,44814
"106年","　CO.非金屬礦物製品製造業",376797,263770,113027,6998,20634,65223,20172
"106年","　CP.基本金屬製造業",1740096,1434019,306077,4093,34833,98728,168423
"106年","　CQ.金屬製品製造業",1090817,727940,362877,4881,32692,221140,104164
"106年","　CR.電子零組件製造業",5040313,2790880,2249433,5707,806837,613828,823061
"106年","　CS.電腦、電子產品及光學製品製造業",2308163,1714213,593950,4170,139261,242851,207668
"106年","　CT.電力設備及配備製造業",665791,500380,165411,5052,24939,90271,45149
"106年","　CU.機械設備製造業",1070430,785088,285342,4031,24494,159551,97266
"106年","　CV.汽車及其零件製造業",507413,359966,147447,28787,22845,62480,33335
"106年","　CW.其他運輸工具及其零件製造業",384530,291674,92856,7958,13432,56652,14814
"106年","　CX.家具製造業",86276,65557,20719,199,1740,14184,4596
"106年","　CY.其他製造業",432571,303177,129394,756,11811,87329,29498
"106年","D.電力及燃氣供應業",712622,472034,240588,6585,116032,45807,72164
"106年","E.用水供應及污染整治業",223035,118321,104714,378,16984,29770,57582
"106年","F.營建工程業",1501633,1087186,414447,6523,21748,309209,76967
"106年","G.批發及零售業",3782253,1059919,2722334,59469,148489,1183827,1330549
"106年","H.運輸及倉儲業",1280803,738501,542302,7125,114784,254736,165657
"106年","I.住宿及餐飲業",973375,522021,451354,5970,34242,288236,122906
"106年","J.出版影音及資通訊業",1028094,473386,554708,10844,113636,259649,170579
"106年","K.金融及保險業",1690476,518720,1171756,57148,109747,599565,405296
"106年","L.不動產及住宅服務業",1851946,410759,1441187,62702,199270,71840,1107375
"106年","M.專業、科學及技術服務業",689458,285013,404445,3885,66406,227391,106763
"106年","N.支援服務業",450555,145037,305518,3930,42208,217781,41599
"106年","O.公共行政及國防；強制性社會安全",1444005,391023,1052982,6783,332862,713337,0
"106年","P.教育業",894580,159052,735528,-12733,59444,665251,23566
"106年","Q.醫療保健及社會工作服務業",839257,305126,534131,-7145,50951,397411,92914
"106年","R.藝術、娛樂及休閒服務業",231264,85921,145343,5458,12282,101206,26397
"106年","S.其他服務業",647403,217265,430138,11848,10217,322712,85361
"106年","合計",38608587,21065130,17543457,467292,2767768,8040906,6267491
"106年","進口稅",191352,0,191352,191352,0,0,0
"106年","加值型營業稅",318310,0,318310,318310,0,0,0
"106年","總計(生產面)",39118249,21065130,18053119,976954,2767768,8040906,6267491
"106年","補充項目:ICT產業",8107626,4813985,3293641,20905,1054485,1057006,1161245
"107年","A.農、林、漁、牧業",622429,308114,314315,-14186,22725,63770,242006
"107年","B.礦業及土石採取業",18971,7804,11167,488,3288,3652,3739
"107年","C.製造業",20463140,14374427,6088713,273416,1355495,2443775,2016027
"107年","　CA.食品及飼品製造業",775703,622393,153310,4316,12916,83143,52935
"107年","　CB.飲料及菸草製造業",166197,54426,111771,81993,4451,18922,6405
"107年","　CC.紡織業",397294,295077,102217,1339,9217,70201,21460
"107年","　CD.成衣及服飾品製造業",157783,122727,35056,186,1443,28149,5278
"107年","　CE.皮革、毛皮及其製品製造業",49824,33770,16054,133,2415,11645,1861
"107年","　CF.木竹製品製造業",51466,39181,12285,154,1186,9675,1270
"107年","　CG.紙漿、紙及紙製品製造業",250847,189719,61128,544,5658,35453,19473
"107年","　CH.印刷及資料儲存媒體複製業",123311,80199,43112,256,5015,33399,4442
"107年","　CI.石油及煤製品製造業",1186531,998039,188492,100703,28333,27760,31696
"107年","　CJ.化學材料及肥料製造業",2390753,1915296,475457,3008,58198,104469,309782
"107年","　CK.其他化學製品製造業",335990,243574,92416,918,9720,47143,34635
"107年","　CL.藥品及醫用化學製品製造業",112624,67457,45167,328,9027,24518,11294
"107年","　CM.橡膠製品製造業",118503,74146,44357,1643,4798,29313,8603
"107年","　CN.塑膠製品製造業",495630,354029,141601,1810,12225,82527,45039
"107年","　CO.非金屬礦物製品製造業",387963,279722,108241,7701,20613,67323,12604
"107年","　CP.基本金屬製造業",1908820,1582886,325934,4541,34819,102442,184132
"107年","　CQ.金屬製品製造業",1149548,769722,379826,5193,33223,232032,109378
"107年","　CR.電子零組件製造業",5159906,2858598,2301308,5952,853151,674284,767921
"107年","　CS.電腦、電子產品及光學製品製造業",1899831,1340155,559676,4348,145239,256377,153712
"107年","　CT.電力設備及配備製造業",720390,546281,174109,5521,25864,98690,44034
"107年","　CU.機械設備製造業",1141605,833590,308015,4457,25881,172215,105462
"107年","　CV.汽車及其零件製造業",489074,347663,141411,29435,23833,63797,24346
"107年","　CW.其他運輸工具及其零件製造業",405845,303742,102103,7872,13750,60785,19696
"107年","　CX.家具製造業",89788,68090,21698,221,1808,14681,4988
"107年","　CY.其他製造業",497914,353945,143969,844,12712,94832,35581
"107年","D.電力及燃氣供應業",740845,537463,203382,6655,118302,47696,30729
"107年","E.用水供應及污染整治業",234013,128553,105460,426,17778,32013,55243
"107年","F.營建工程業",1595807,1160400,435407,7321,22472,323331,82283
"107年","G.批發及零售業",3822312,1078877,2743435,60863,154108,1251021,1277443
"107年","H.運輸及倉儲業",1365502,827547,537955,7138,120305,268230,142282
"107年","I.住宿及餐飲業",1026507,551676,474831,6887,36213,296035,135696
"107年","J.出版影音及資通訊業",1026272,460488,565784,12103,118037,276599,159045
"107年","K.金融及保險業",1758928,544111,1214817,62679,116117,627773,408248
"107年","L.不動產及住宅服務業",1933084,436637,1496447,64555,212717,76474,1142701
"107年","M.專業、科學及技術服務業",726898,303247,423651,4259,70711,244742,103939
"107年","N.支援服務業",468117,147993,320124,4413,45292,230156,40263
"107年","O.公共行政及國防；強制性社會安全",1531284,455371,1075913,6684,344126,725103,0
"107年","P.教育業",908912,162205,746707,-13594,60675,679179,20447
"107年","Q.醫療保健及社會工作服務業",884762,323687,561075,-7714,54246,418777,95766
"107年","R.藝術、娛樂及休閒服務業",233707,85176,148531,5943,13011,104712,24865
"107年","S.其他服務業",676555,238489,438066,12196,10342,338137,77391
"107年","合計",40038045,22132265,17905780,500532,2895960,8451175,6058113
"107年","進口稅",203755,0,203755,203755,0,0,0
"107年","加值型營業稅",329844,0,329844,329844,0,0,0
"107年","總計(生產面)",40571644,22132265,18439379,1034131,2895960,8451175,6058113
"107年","補充項目:ICT產業",7810593,4492754,3317839,22124,1111312,1143907,1040496
"108年","A.農、林、漁、牧業",610253,289897,320356,-16400,23789,63413,249554
"108年","B.礦業及土石採取業",20779,8824,11955,640,3424,3728,4163
"108年","C.製造業",19769279,13693510,6075769,269177,1432530,2518668,1855394
"108年","　CA.食品及飼品製造業",827361,648265,179096,4362,13738,88276,72720
"108年","　CB.飲料及菸草製造業",163758,52728,111030,81699,4642,19081,5608
"108年","　CC.紡織業",385092,279602,105490,980,9135,71355,24020
"108年","　CD.成衣及服飾品製造業",167228,131006,36222,153,1491,26424,8154
"108年","　CE.皮革、毛皮及其製品製造業",50128,33848,16280,131,2548,11010,2591
"108年","　CF.木竹製品製造業",46603,34401,12202,155,1158,9516,1373
"108年","　CG.紙漿、紙及紙製品製造業",248616,184138,64478,545,5842,35694,22397
"108年","　CH.印刷及資料儲存媒體複製業",124757,78763,45994,254,5342,33868,6530
"108年","　CI.石油及煤製品製造業",1142371,969201,173170,97382,28577,28032,19179
"108年","　CJ.化學材料及肥料製造業",1993035,1582805,410230,2731,59435,105660,242404
"108年","　CK.其他化學製品製造業",338667,237873,100794,937,10229,48931,40697
"108年","　CL.藥品及醫用化學製品製造業",122908,70485,52423,332,9580,26277,16234
"108年","　CM.橡膠製品製造業",123906,76855,47051,1607,5075,30404,9965
"108年","　CN.塑膠製品製造業",508977,356509,152468,1795,12697,86133,51843
"108年","　CO.非金屬礦物製品製造業",394584,285372,109212,7928,20685,68758,11841
"108年","　CP.基本金屬製造業",1705566,1417530,288036,4701,35020,102791,145524
"108年","　CQ.金屬製品製造業",1106481,736873,369608,5238,34804,239052,90514
"108年","　CR.電子零組件製造業",5082844,2796829,2286015,5506,911582,689588,679339
"108年","　CS.電腦、電子產品及光學製品製造業",1930567,1338592,591975,4432,152235,274052,161256
"108年","　CT.電力設備及配備製造業",728316,545022,183294,5592,27246,101636,48820
"108年","　CU.機械設備製造業",1021974,724658,297316,4506,27108,178031,87671
"108年","　CV.汽車及其零件製造業",488370,344095,144275,29322,24608,63750,26595
"108年","　CW.其他運輸工具及其零件製造業",449154,334579,114575,7871,14221,62870,29613
"108年","　CX.家具製造業",92112,68626,23486,211,1864,16056,5355
"108年","　CY.其他製造業",525904,364855,161049,807,13668,101423,45151
"108年","D.電力及燃氣供應業",751530,534557,216973,1667,122944,48616,43746
"108年","E.用水供應及污染整治業",233974,127077,106897,322,18635,34083,53857
"108年","F.營建工程業",1709445,1216399,493046,7195,23190,342735,119926
"108年","G.批發及零售業",3830047,1054200,2775847,60819,160578,1288750,1265700
"108年","H.運輸及倉儲業",1395010,842641,552369,6884,125770,277161,142554
"108年","I.住宿及餐飲業",1080748,565098,515650,6555,37953,305850,165292
"108年","J.出版影音及資通訊業",1045699,451056,594643,10842,121463,301188,161150
"108年","K.金融及保險業",1828194,574118,1254076,62581,122512,665165,403818
"108年","L.不動產及住宅服務業",2030139,464729,1565410,65780,224926,86094,1188610
"108年","M.專業、科學及技術服務業",760600,314489,446111,3979,72467,265761,103904
"108年","N.支援服務業",491028,154226,336802,4409,47808,242206,42379
"108年","O.公共行政及國防；強制性社會安全",1518016,414360,1103656,6687,359048,737921,0
"108年","P.教育業",909995,165220,744775,-12837,61768,679273,16571
"108年","Q.醫療保健及社會工作服務業",939071,339720,599351,-7487,57298,449247,100293
"108年","R.藝術、娛樂及休閒服務業",242742,87891,154851,6074,13716,105823,29238
"108年","S.其他服務業",664191,228657,435534,12244,10474,332661,80155
"108年","合計",39830740,21526669,18304071,489131,3040293,8748343,6026304
"108年","進口稅",209277,0,209277,209277,0,0,0
"108年","加值型營業稅",338141,0,338141,338141,0,0,0
"108年","總計(生產面)",40378158,21526669,18851489,1036549,3040293,8748343,6026304
"108年","補充項目:ICT產業",7784847,4425159,3359688,20892,1179959,1198933,959904
"109年","A.農、林、漁、牧業",605550,288541,317009,-36984,24834,61805,267354
"109年","B.礦業及土石採取業",22489,9591,12898,736,3442,3907,4813
"109年","C.製造業",19984044,13213315,6770729,232987,1505638,2601030,2431074
"109年","　CA.食品及飼品製造業",845500,656510,188990,1228,14337,92298,81127
"109年","　CB.飲料及菸草製造業",166159,51747,114412,84983,4718,18983,5728
"109年","　CC.紡織業",334587,233116,101471,-1400,8874,65530,28467
"109年","　CD.成衣及服飾品製造業",155136,118539,36597,-444,1559,25416,10066
"109年","　CE.皮革、毛皮及其製品製造業",47913,30687,17226,-300,2671,10434,4421
"109年","　CF.木竹製品製造業",47254,34785,12469,-133,1117,9747,1738
"109年","　CG.紙漿、紙及紙製品製造業",251238,180771,70467,347,5864,38097,26159
"109年","　CH.印刷及資料儲存媒體複製業",122062,77406,44656,-424,5588,33595,5897
"109年","　CI.石油及煤製品製造業",801153,666045,135108,94332,28254,26919,-14397
"109年","　CJ.化學材料及肥料製造業",1694723,1280998,413725,2079,59505,103741,248400
"109年","　CK.其他化學製品製造業",326387,229334,97053,-247,10577,49458,37265
"109年","　CL.藥品及醫用化學製品製造業",138736,75835,62901,-304,10253,27866,25086
"109年","　CM.橡膠製品製造業",118302,69863,48439,-219,5104,30492,13062
"109年","　CN.塑膠製品製造業",504655,346254,158401,1160,13090,87832,56319
"109年","　CO.非金屬礦物製品製造業",404642,287080,117562,6827,20236,70123,20376
"109年","　CP.基本金屬製造業",1601792,1314374,287418,899,34429,94335,157755
"109年","　CQ.金屬製品製造業",1087034,717926,369108,994,35883,243821,88410
"109年","　CR.電子零組件製造業",5909664,3081700,2827964,5838,968013,761124,1092989
"109年","　CS.電腦、電子產品及光學製品製造業",2120580,1388337,732243,1640,162818,283524,284261
"109年","　CT.電力設備及配備製造業",762849,562510,200339,5032,28848,104605,61854
"109年","　CU.機械設備製造業",986743,696914,289829,-309,27889,173785,88464
"109年","　CV.汽車及其零件製造業",469113,328420,140693,25733,24800,62770,27390
"109年","　CW.其他運輸工具及其零件製造業",465310,349260,116050,6596,14633,64732,30089
"109年","　CX.家具製造業",96218,71989,24229,77,1933,16510,5709
"109年","　CY.其他製造業",526294,362915,163379,-998,14645,105293,44439
"109年","D.電力及燃氣供應業",717059,427858,289201,-22657,127073,47170,137615
"109年","E.用水供應及污染整治業",242631,132794,109837,89,19125,34488,56135
"109年","F.營建工程業",1856956,1298508,558448,2784,23641,359953,172070
"109年","G.批發及零售業",3872183,1073334,2798849,49450,165639,1310105,1273655
"109年","H.運輸及倉儲業",1248825,713145,535680,-9353,127915,271880,145238
"109年","I.住宿及餐飲業",999438,530130,469308,-4663,39364,288711,145896
"109年","J.出版影音及資通訊業",1071594,458050,613544,10213,122317,324028,156986
"109年","K.金融及保險業",1895009,595241,1299768,63971,129950,669452,436395
"109年","L.不動產及住宅服務業",2145227,503463,1641764,63769,236404,93779,1247812
"109年","M.專業、科學及技術服務業",778808,319887,458921,792,76215,277931,103983
"109年","N.支援服務業",462867,140964,321903,-3116,49002,245702,30315
"109年","O.公共行政及國防；強制性社會安全",1571923,432288,1139635,6988,367200,765447,0
"109年","P.教育業",909730,161822,747908,-16022,63273,684295,16362
"109年","Q.醫療保健及社會工作服務業",986520,352907,633613,-17355,59119,476152,115697
"109年","R.藝術、娛樂及休閒服務業",228326,82723,145603,-81,14519,109221,21944
"109年","S.其他服務業",641539,220493,421046,5994,10437,328102,76513
"109年","合計",40240718,20955054,19285664,327542,3165107,8953158,6839857
"109年","進口稅",209163,0,209163,209163,0,0,0
"109年","加值型營業稅",349956,0,349956,349956,0,0,0
"109年","總計(生產面)",40799837,20955054,19844783,886661,3165107,8953158,6839857
"109年","補充項目:ICT產業",8823747,4766415,4057332,17826,1247513,1301168,1490825
"110年","A.農、林、漁、牧業",631655,315913,315742,-28458,26169,58303,259728
"110年","B.礦業及土石採取業",23292,11373,11919,722,3477,3779,3941
"110年","C.製造業",23683257,15764715,7918542,249795,1649323,2926992,3092432
"110年","　CA.食品及飼品製造業",898676,723339,175337,1005,15389,94046,64897
"110年","　CB.飲料及菸草製造業",162654,50794,111860,83615,4937,19003,4305
"110年","　CC.紡織業",379370,274171,105199,333,8929,65287,30650
"110年","　CD.成衣及服飾品製造業",169818,129587,40231,175,1730,24771,13555
"110年","　CE.皮革、毛皮及其製品製造業",52566,34099,18467,95,2935,9534,5903
"110年","　CF.木竹製品製造業",54511,40790,13721,101,1128,10133,2359
"110年","　CG.紙漿、紙及紙製品製造業",279622,202880,76742,415,6095,40796,29436
"110年","　CH.印刷及資料儲存媒體複製業",125032,81460,43572,-84,5660,32762,5234
"110年","　CI.石油及煤製品製造業",1101552,951398,150154,93954,29254,27773,-827
"110年","　CJ.化學材料及肥料製造業",2306610,1823899,482711,2305,61775,114367,304264
"110年","　CK.其他化學製品製造業",355868,257337,98531,-284,11299,50102,37414
"110年","　CL.藥品及醫用化學製品製造業",145404,76678,68726,300,11358,29526,27542
"110年","　CM.橡膠製品製造業",128026,80939,47087,-149,5203,33442,8591
"110年","　CN.塑膠製品製造業",546805,388819,157986,1075,13735,90533,52643
"110年","　CO.非金屬礦物製品製造業",419846,294271,125575,7473,20112,74479,23511
"110年","　CP.基本金屬製造業",2311062,1847409,463653,1824,34984,126046,300799
"110年","　CQ.金屬製品製造業",1333923,933532,400391,1351,37556,260570,100914
"110年","　CR.電子零組件製造業",7147215,3534850,3612365,6590,1073743,951892,1580140
"110年","　CS.電腦、電子產品及光學製品製造業",1998936,1288360,710576,1830,182524,306362,219860
"110年","　CT.電力設備及配備製造業",878126,656030,222096,5986,31544,110835,73731
"110年","　CU.機械設備製造業",1143052,841055,301997,1965,29896,182230,87906
"110年","　CV.汽車及其零件製造業",531114,379502,151612,33273,25503,66369,26467
"110年","　CW.其他運輸工具及其零件製造業",529637,394292,135345,7411,15656,70979,41299
"110年","　CX.家具製造業",107800,82670,25130,127,2101,18047,4855
"110年","　CY.其他製造業",576032,396554,179478,-891,16277,117108,46984
"110年","D.電力及燃氣供應業",759947,552555,207392,3314,135224,49416,19438
"110年","E.用水供應及污染整治業",259580,146782,112798,-123,19977,35439,57505
"110年","F.營建工程業",2177169,1548694,628475,2868,25272,395076,205259
"110年","G.批發及零售業",4212102,1196881,3015221,53678,176313,1342457,1442773
"110年","H.運輸及倉儲業",1546569,741258,805311,-7944,134049,305636,373570
"110年","I.住宿及餐飲業",920599,497066,423533,-11924,41892,290831,102734
"110年","J.出版影音及資通訊業",1151298,479732,671566,9762,126301,347834,187669
"110年","K.金融及保險業",2096735,670213,1426522,73621,141810,723084,488007
"110年","L.不動產及住宅服務業",2228279,547704,1680575,65785,265457,106541,1242792
"110年","M.專業、科學及技術服務業",856371,357819,498552,-173,84050,292046,122629
"110年","N.支援服務業",471206,147763,323443,-1430,50589,250531,23753
"110年","O.公共行政及國防；強制性社會安全",1679745,495870,1183875,7116,392991,783768,0
"110年","P.教育業",907696,155792,751904,-16677,68744,694697,5140
"110年","Q.醫療保健及社會工作服務業",1044877,381978,662899,-21437,62727,497488,124121
"110年","R.藝術、娛樂及休閒服務業",194674,76054,118620,134,16080,91437,10969
"110年","S.其他服務業",602930,213898,389032,3516,10780,310997,63739
"110年","合計",45447981,24302060,21145921,382145,3431225,9506352,7826199
"110年","進口稅",224580,0,224580,224580,0,0,0
"110年","加值型營業稅",402790,0,402790,402790,0,0,0
"110年","總計(生產面)",46075351,24302060,21773291,1009515,3431225,9506352,7826199
"110年","補充項目:ICT產業",10009645,5143886,4865759,18750,1377291,1537017,1932701
"111年","A.農、林、漁、牧業",660924,339561,321363,-30181,27267,59240,265037
"111年","B.礦業及土石採取業",24582,12850,11732,757,3658,3904,3413
"111年","C.製造業",25145767,16804627,8341140,251613,1835306,3097517,3156704
"111年","　CA.食品及飼品製造業",979432,800070,179362,1085,16617,97827,63833
"111年","　CB.飲料及菸草製造業",162120,51270,110850,83278,5222,19100,3250
"111年","　CC.紡織業",382679,277576,105103,858,9083,65751,29411
"111年","　CD.成衣及服飾品製造業",193091,147575,45516,270,1895,26443,16908
"111年","　CE.皮革、毛皮及其製品製造業",54804,31510,23294,111,3083,10690,9410
"111年","　CF.木竹製品製造業",55379,41489,13890,97,1219,10478,2096
"111年","　CG.紙漿、紙及紙製品製造業",275300,205461,69839,404,6416,43248,19771
"111年","　CH.印刷及資料儲存媒體複製業",124895,81341,43554,154,5802,33181,4417
"111年","　CI.石油及煤製品製造業",1498368,1407531,90837,89847,31719,29078,-59807
"111年","　CJ.化學材料及肥料製造業",2134156,1767717,366439,2489,65899,117821,180230
"111年","　CK.其他化學製品製造業",366279,262940,103339,697,12094,51224,39324
"111年","　CL.藥品及醫用化學製品製造業",158476,82908,75568,310,12507,31114,31637
"111年","　CM.橡膠製品製造業",129223,79528,49695,1040,5302,33148,10205
"111年","　CN.塑膠製品製造業",547275,381816,165459,1029,14556,92280,57594
"111年","　CO.非金屬礦物製品製造業",434700,309757,124943,6018,20590,75417,22918
"111年","　CP.基本金屬製造業",2118508,1748514,369994,2529,36342,131403,199720
"111年","　CQ.金屬製品製造業",1331525,922348,409177,1127,40243,264609,103198
"111年","　CR.電子零組件製造業",7910024,3849992,4060032,6832,1224899,1038990,1789311
"111年","　CS.電腦、電子產品及光學製品製造業",2366593,1530655,835938,1970,192797,331177,309994
"111年","　CT.電力設備及配備製造業",908500,668667,239833,5781,34026,116809,83217
"111年","　CU.機械設備製造業",1166707,846529,320178,1842,31777,192740,93819
"111年","　CV.汽車及其零件製造業",539050,380150,158900,35311,26490,68221,28878
"111年","　CW.其他運輸工具及其零件製造業",591159,439598,151561,7690,16654,75990,51227
"111年","　CX.家具製造業",103960,78471,25489,145,2267,18345,4732
"111年","　CY.其他製造業",613564,411214,202350,699,17807,122433,61411
"111年","D.電力及燃氣供應業",857101,1024440,-167339,4493,150822,51891,-374545
"111年","E.用水供應及污染整治業",280671,161877,118794,-269,21903,37285,59875
"111年","F.營建工程業",2432160,1731389,700771,3059,28111,437270,232331
"111年","G.批發及零售業",4601694,1324648,3277046,61936,188729,1422505,1603876
"111年","H.運輸及倉儲業",1696463,828640,867823,4117,146471,330614,386621
"111年","I.住宿及餐飲業",1119653,595322,524331,4062,45082,305681,169506
"111年","J.出版影音及資通訊業",1241056,506538,734518,11381,130752,374791,217594
"111年","K.金融及保險業",2069894,665852,1404042,94082,153770,744895,411295
"111年","L.不動產及住宅服務業",2320011,584481,1735530,70137,296410,109599,1259384
"111年","M.專業、科學及技術服務業",968613,424306,544307,2380,89766,311065,141096
"111年","N.支援服務業",520831,160904,359927,-1579,54870,267665,38971
"111年","O.公共行政及國防；強制性社會安全",1828923,594110,1234813,7293,420828,806692,0
"111年","P.教育業",938301,163909,774392,-22854,73157,717387,6702
"111年","Q.醫療保健及社會工作服務業",1147580,423858,723722,-17528,66725,531721,142804
"111年","R.藝術、娛樂及休閒服務業",252587,94131,158456,2123,17286,108668,30379
"111年","S.其他服務業",672933,248430,424503,6861,11374,329424,76844
"111年","合計",48779744,26689873,22089871,451883,3762287,10047814,7827887
"111年","進口稅",238728,0,238728,238728,0,0,0
"111年","加值型營業稅",440355,0,440355,440355,0,0,0
"111年","總計(生產面)",49458827,26689873,22768954,1130966,3762287,10047814,7827887
"111年","補充項目:ICT產業",11222194,5726557,5495637,19571,1543127,1675634,2257305
"112年","A.農、林、漁、牧業",685813,334426,351387,-18288,28473,62449,278753
"112年","B.礦業及土石採取業",24208,12677,11531,774,4078,4154,2525
"112年","C.製造業",23220257,15168832,8051425,256919,1975138,3050450,2768918
"112年","　CA.食品及飼品製造業",1026776,820688,206088,1117,17855,103706,83410
"112年","　CB.飲料及菸草製造業",165942,52666,113276,84858,5475,19291,3652
"112年","　CC.紡織業",308138,212315,95823,752,9104,62845,23122
"112年","　CD.成衣及服飾品製造業",170493,129239,41254,341,2002,25486,13425
"112年","　CE.皮革、毛皮及其製品製造業",47329,27676,19653,91,3105,9671,6786
"112年","　CF.木竹製品製造業",51052,38165,12887,101,1310,10562,914
"112年","　CG.紙漿、紙及紙製品製造業",252247,187556,64691,412,6549,42227,15503
"112年","　CH.印刷及資料儲存媒體複製業",123126,77215,45911,162,5964,33679,6106
"112年","　CI.石油及煤製品製造業",1377498,1209504,167994,90735,35172,30244,11843
"112年","　CJ.化學材料及肥料製造業",1718215,1425047,293168,2190,70029,115005,105944
"112年","　CK.其他化學製品製造業",341866,240167,101699,730,12932,51291,36746
"112年","　CL.藥品及醫用化學製品製造業",173113,89879,83234,299,13532,32947,36456
"112年","　CM.橡膠製品製造業",110650,62270,48380,941,5273,31776,10390
"112年","　CN.塑膠製品製造業",503037,320882,182155,1160,15149,91994,73852
"112年","　CO.非金屬礦物製品製造業",443454,311784,131670,7375,21405,75055,27835
"112年","　CP.基本金屬製造業",1795055,1486254,308801,2492,37209,123493,145607
"112年","　CQ.金屬製品製造業",1178691,789798,388893,1144,42251,267202,78296
"112年","　CR.電子零組件製造業",7227120,3548664,3678456,6962,1334307,976779,1360408
"112年","　CS.電腦、電子產品及光學製品製造業",2503645,1524687,978958,2586,201654,344523,430195
"112年","　CT.電力設備及配備製造業",862629,620938,241691,5843,36059,119332,80457
"112年","　CU.機械設備製造業",1052595,744669,307926,1890,32965,194455,78616
"112年","　CV.汽車及其零件製造業",561122,392967,168155,33651,27294,70097,37113
"112年","　CW.其他運輸工具及其零件製造業",506809,372376,134433,10202,17160,73247,33824
"112年","　CX.家具製造業",95305,69380,25925,154,2345,18745,4681
"112年","　CY.其他製造業",624350,414046,210304,731,19038,126798,63737
"112年","D.電力及燃氣供應業",940784,920389,20395,-42303,167562,52055,-156919
"112年","E.用水供應及污染整治業",288623,169207,119416,-324,24004,39603,56133
"112年","F.營建工程業",2397005,1637208,759797,3382,30855,476318,249242
"112年","G.批發及零售業",4607819,1314440,3293379,54446,199910,1478097,1560926
"112年","H.運輸及倉儲業",1502798,775014,727784,3742,158818,339060,226164
"112年","I.住宿及餐飲業",1360807,695005,665802,4540,48526,338274,274462
"112年","J.出版影音及資通訊業",1311081,521718,789363,10791,136355,388896,253321
"112年","K.金融及保險業",2127383,686975,1440408,117731,166643,783028,373006
"112年","L.不動產及住宅服務業",2404835,580426,1824409,71750,320206,111747,1320706
"112年","M.專業、科學及技術服務業",1071415,479337,592078,2553,89259,325679,174587
"112年","N.支援服務業",573128,172695,400433,1153,59948,282776,56556
"112年","O.公共行政及國防；強制性社會安全",1881133,609302,1271831,7500,445123,819208,0
"112年","P.教育業",957873,171295,786578,-21497,76000,729091,2984
"112年","Q.醫療保健及社會工作服務業",1189181,435155,754026,-25902,70975,552971,155982
"112年","R.藝術、娛樂及休閒服務業",313336,107685,205651,2324,18569,127023,57735
"112年","S.其他服務業",695919,249614,446305,7011,11854,347453,79987
"112年","合計",47553398,25041400,22511998,436302,4032296,10308332,7735068
"112年","進口稅",263011,0,263011,263011,0,0,0
"112年","加值型營業稅",468885,0,468885,468885,0,0,0
"112年","總計(生產面)",48285294,25041400,23243894,1168198,4032296,10308332,7735068
"112年","補充項目:ICT產業",10734122,5429366,5304756,19657,1666748,1639794,1978557
"113年","A.農、林、漁、牧業",709830,335881,373949,-20697,29548,67183,297915
"113年","B.礦業及土石採取業",25682,13347,12335,735,4487,4557,2556
"113年","C.製造業",25586752,16434274,9152478,247677,2135427,3297516,3471858
"113年","　CA.食品及飼品製造業",1047532,831256,216276,1112,19286,110519,85359
"113年","　CB.飲料及菸草製造業",168254,52945,115309,83116,5724,19760,6709
"113年","　CC.紡織業",332976,228635,104341,836,9097,64102,30306
"113年","　CD.成衣及服飾品製造業",185728,143171,42557,296,2124,25611,14526
"113年","　CE.皮革、毛皮及其製品製造業",50613,29238,21375,89,3281,10319,7686
"113年","　CF.木竹製品製造業",52748,39434,13314,99,1351,11198,666
"113年","　CG.紙漿、紙及紙製品製造業",253001,187536,65465,401,6570,42088,16406
"113年","　CH.印刷及資料儲存媒體複製業",130225,82313,47912,167,6091,33999,7655
"113年","　CI.石油及煤製品製造業",1334204,1205418,128786,85701,39018,29125,-25058
"113年","　CJ.化學材料及肥料製造業",1747677,1448946,298731,2163,73843,113360,109365
"113年","　CK.其他化學製品製造業",368388,261340,107048,732,13815,54492,38009
"113年","　CL.藥品及醫用化學製品製造業",164171,84939,79232,309,14902,34383,29638
"113年","　CM.橡膠製品製造業",112150,64343,47807,1013,5270,31328,10196
"113年","　CN.塑膠製品製造業",529517,338576,190941,1146,15831,96152,77812
"113年","　CO.非金屬礦物製品製造業",465142,326365,138777,7332,22027,78402,31016
"113年","　CP.基本金屬製造業",1831135,1512317,318818,2476,38163,125704,152475
"113年","　CQ.金屬製品製造業",1247017,847009,400008,1070,44050,278612,76276
"113年","　CR.電子零組件製造業",8582483,4167966,4414517,6829,1440931,1137850,1828907
"113年","　CS.電腦、電子產品及光學製品製造業",3259777,1978141,1281636,2855,229763,373842,675176
"113年","　CT.電力設備及配備製造業",899740,641463,258277,5916,39483,126914,85964
"113年","　CU.機械設備製造業",1084686,762093,322593,1994,35034,203186,82379
"113年","　CV.汽車及其零件製造業",538556,367276,171280,32093,28525,72354,38308
"113年","　CW.其他運輸工具及其零件製造業",471903,345202,126701,9032,17959,72324,27386
"113年","　CX.家具製造業",104831,77376,27455,152,2373,19935,4995
"113年","　CY.其他製造業",624298,410976,213322,748,20916,131957,59701
"113年","D.電力及燃氣供應業",1070165,808888,261277,6802,181571,54211,18693
"113年","E.用水供應及污染整治業",302866,178715,124151,-656,25809,41474,57524
"113年","F.營建工程業",2546253,1731177,815076,3897,33104,527999,250076
"113年","G.批發及零售業",4931647,1473641,3458006,49447,211950,1579173,1617436
"113年","H.運輸及倉儲業",1690936,847975,842961,4913,167356,366362,304330
"113年","I.住宿及餐飲業",1403621,717785,685836,4437,51905,369037,260457
"113年","J.出版影音及資通訊業",1366654,553007,813647,10229,145328,401971,256119
"113年","K.金融及保險業",2448069,788750,1659319,130443,181067,880318,467491
"113年","L.不動產及住宅服務業",2583396,621287,1962109,74389,339513,124676,1423531
"113年","M.專業、科學及技術服務業",1174338,527423,646915,2514,96358,349289,198754
"113年","N.支援服務業",620337,193045,427292,2406,63754,296553,64579
"113年","O.公共行政及國防；強制性社會安全",1953584,627164,1326420,7984,459958,858478,0
"113年","P.教育業",983734,174601,809133,-21815,78807,750240,1901
"113年","Q.醫療保健及社會工作服務業",1277865,468412,809453,-7012,75619,583653,157193
"113年","R.藝術、娛樂及休閒服務業",338782,118803,219979,3598,19622,139253,57506
"113年","S.其他服務業",728409,254615,473794,8458,12187,365584,87565
"113年","合計",51742920,26868790,24874130,507749,4313370,11057527,8995484
"113年","進口稅",275172,0,275172,275172,0,0,0
"113年","加值型營業稅",507885,0,507885,507885,0,0,0
"113年","總計(生產面)",52525977,26868790,25657187,1290806,4313370,11057527,8995484
"113年","補充項目:ICT產業",12887596,6521802,6365794,19327,1810298,1842169,2694000


"註解："
"(1)國內生產毛額中之「總計(生產面)」不等於GDP。"
"(2)2023年為修正數，2024年為初步統計數。"
"(3)工業包含「B.礦業及土石採取業」至「F.營建工程業」等5個業別。"
"(4)服務業包含「G.批發及零售業」至「S.其他服務業」等13個業別，另併計進口稅及加值型營業稅。"
""
