國內各業生產毛額(2008SNA) (連鎖實質值，以2021年為參考年，1981年～),,,,,,,,,,,,,,,,,,,,,,,,,,,,,,,,,,,,,,,,,,,,,,,,,,,,,,,,,,,,,,,,,,,,,,,,,,,,,,,,,,,,,,,,,,,,,,,,,,,,,,,,,,,,,,,,,,,,,,,,,,,,,,,,,,,,,,,,,,,,,,,,,,,,,,,,,,,,,,,,,,,,,,,,,,,,,,,,,,,,,,,,,,,,,,,,,,,,,,,,,,,,,,,,,,,,,,,,,,,,,,,,,
單位：新臺幣百萬元,,,,,,,,,,,,,,,,,,,,,,,,,,,,,,,,,,,,,,,,,,,,,,,,,,,,,,,,,,,,,,,,,,,,,,,,,,,,,,,,,,,,,,,,,,,,,,,,,,,,,,,,,,,,,,,,,,,,,,,,,,,,,,,,,,,,,,,,,,,,,,,,,,,,,,,,,,,,,,,,,,,,,,,,,,,,,,,,,,,,,,,,,,,,,,,,,,,,,,,,,,,,,,,,,,,,,,,,,,,,,,,,,
更新日期：2026/2/13,,,,,,,,,,,,,,,,,,,,,,,,,,,,,,,,,,,,,,,,,,,,,,,,,,,,,,,,,,,,,,,,,,,,,,,,,,,,,,,,,,,,,,,,,,,,,,,,,,,,,,,,,,,,,,,,,,,,,,,,,,,,,,,,,,,,,,,,,,,,,,,,,,,,,,,,,,,,,,,,,,,,,,,,,,,,,,,,,,,,,,,,,,,,,,,,,,,,,,,,,,,,,,,,,,,,,,,,,,,,,,,,,
,1981,1981Q1,1981Q2,1981Q3,1981Q4,1982,1982Q1,1982Q2,1982Q3,1982Q4,1983,1983Q1,1983Q2,1983Q3,1983Q4,1984,1984Q1,1984Q2,1984Q3,1984Q4,1985,1985Q1,1985Q2,1985Q3,1985Q4,1986,1986Q1,1986Q2,1986Q3,1986Q4,1987,1987Q1,1987Q2,1987Q3,1987Q4,1988,1988Q1,1988Q2,1988Q3,1988Q4,1989,1989Q1,1989Q2,1989Q3,1989Q4,1990,1990Q1,1990Q2,1990Q3,1990Q4,1991,1991Q1,1991Q2,1991Q3,1991Q4,1992,1992Q1,1992Q2,1992Q3,1992Q4,1993,1993Q1,1993Q2,1993Q3,1993Q4,1994,1994Q1,1994Q2,1994Q3,1994Q4,1995,1995Q1,1995Q2,1995Q3,1995Q4,1996,1996Q1,1996Q2,1996Q3,1996Q4,1997,1997Q1,1997Q2,1997Q3,1997Q4,1998,1998Q1,1998Q2,1998Q3,1998Q4,1999,1999Q1,1999Q2,1999Q3,1999Q4,2000,2000Q1,2000Q2,2000Q3,2000Q4,2001,2001Q1,2001Q2,2001Q3,2001Q4,2002,2002Q1,2002Q2,2002Q3,2002Q4,2003,2003Q1,2003Q2,2003Q3,2003Q4,2004,2004Q1,2004Q2,2004Q3,2004Q4,2005,2005Q1,2005Q2,2005Q3,2005Q4,2006,2006Q1,2006Q2,2006Q3,2006Q4,2007,2007Q1,2007Q2,2007Q3,2007Q4,2008,2008Q1,2008Q2,2008Q3,2008Q4,2009,2009Q1,2009Q2,2009Q3,2009Q4,2010,2010Q1,2010Q2,2010Q3,2010Q4,2011,2011Q1,2011Q2,2011Q3,2011Q4,2012,2012Q1,2012Q2,2012Q3,2012Q4,2013,2013Q1,2013Q2,2013Q3,2013Q4,2014,2014Q1,2014Q2,2014Q3,2014Q4,2015,2015Q1,2015Q2,2015Q3,2015Q4,2016,2016Q1,2016Q2,2016Q3,2016Q4,2017,2017Q1,2017Q2,2017Q3,2017Q4,2018,2018Q1,2018Q2,2018Q3,2018Q4,2019,2019Q1,2019Q2,2019Q3,2019Q4,2020,2020Q1,2020Q2,2020Q3,2020Q4,2021,2021Q1,2021Q2,2021Q3,2021Q4,2022,2022Q1,2022Q2,2022Q3,2022Q4,2023,2023Q1,2023Q2,2023Q3,2023Q4,2024,2024Q1,2024Q2,2024Q3,2024Q4,2025,2025Q1,2025Q2,2025Q3,2025Q4
A 農、林、漁、牧業　,"275,803 ","60,248 ","75,860 ","57,687 ","82,008 ","283,959 ","63,006 ","78,957 ","57,235 ","84,761 ","292,908 ","62,681 ","81,293 ","60,065 ","88,869 ","301,066 ","64,629 ","82,975 ","62,509 ","90,953 ","304,990 ","66,015 ","82,963 ","62,680 ","93,332 ","310,631 ","70,881 ","85,549 ","63,304 ","90,897 ","332,729 ","74,546 ","91,303 ","70,956 ","95,924 ","339,054 ","76,411 ","92,535 ","74,122 ","95,986 ","336,524 ","79,262 ","92,328 ","71,801 ","93,133 ","339,659 ","78,726 ","88,564 ","75,821 ","96,548 ","345,872 ","75,949 ","92,819 ","76,069 ","101,035 ","337,513 ","76,625 ","90,247 ","73,071 ","97,570 ","353,352 ","81,750 ","92,488 ","74,707 ","104,407 ","336,665 ","78,610 ","89,549 ","71,652 ","96,854 ","349,611 ","80,591 ","91,891 ","78,164 ","98,965 ","344,853 ","81,996 ","91,785 ","72,712 ","98,360 ","338,973 ","80,137 ","88,935 ","70,800 ","99,101 ","313,355 ","69,825 ","82,382 ","67,280 ","93,868 ","324,062 ","74,358 ","88,296 ","69,675 ","91,733 ","331,000 ","72,773 ","90,091 ","73,723 ","94,413 ","317,283 ","75,411 ","87,094 ","66,351 ","88,427 ","340,699 ","77,638 ","92,534 ","72,161 ","98,366 ","335,683 ","76,899 ","89,054 ","70,787 ","98,943 ","317,763 ","72,786 ","81,259 ","66,964 ","96,754 ","304,369 ","73,654 ","77,208 ","65,905 ","87,602 ","339,943 ","77,033 ","86,412 ","75,741 ","100,757 ","339,374 ","77,317 ","93,527 ","77,786 ","90,744 ","339,838 ","76,384 ","92,109 ","75,396 ","95,949 ","330,338 ","73,036 ","88,855 ","72,193 ","96,254 ","337,375 ","75,459 ","87,841 ","80,126 ","93,949 ","352,847 ","79,711 ","91,942 ","81,616 ","99,578 ","341,535 ","75,939 ","89,568 ","82,298 ","93,730 ","346,958 ","73,649 ","95,262 ","79,348 ","98,699 ","354,051 ","77,628 ","95,543 ","76,788 ","104,092 ","326,712 ","75,226 ","88,734 ","72,365 ","90,387 ","295,177 ","68,018 ","77,989 ","63,311 ","85,859 ","320,422 ","71,768 ","89,060 ","71,809 ","87,785 ","335,677 ","75,411 ","97,584 ","75,802 ","86,880 ","333,453 ","74,111 ","94,147 ","76,152 ","89,043 ","329,380 ","69,228 ","98,889 ","78,581 ","82,682 ","315,742 ","67,547 ","94,703 ","75,079 ","78,413 ","302,351 ","66,737 ","91,074 ","71,132 ","73,408 ","299,756 ","64,148 ","94,494 ","71,368 ","69,746 ","296,770 ","66,620 ","89,094 ","67,968 ","73,088 ","291,619 ","64,089 ","89,983 ","67,050 ","70,497 "
B 礦業及土石採取業　,"41,567 ","10,278 ","11,529 ","9,797 ","9,963 ","39,730 ","9,554 ","10,854 ","9,366 ","9,956 ","40,895 ","10,158 ","11,077 ","9,518 ","10,142 ","39,786 ","10,240 ","11,275 ","8,675 ","9,596 ","39,986 ","10,221 ","10,871 ","8,893 ","10,001 ","42,854 ","11,982 ","11,830 ","9,192 ","9,850 ","43,378 ","11,238 ","12,203 ","9,451 ","10,486 ","44,800 ","11,583 ","12,394 ","9,803 ","11,020 ","43,729 ","11,362 ","12,251 ","9,145 ","10,971 ","39,880 ","10,344 ","10,829 ","8,444 ","10,263 ","39,774 ","10,176 ","10,703 ","8,482 ","10,413 ","39,311 ","10,109 ","10,711 ","8,229 ","10,262 ","44,199 ","10,808 ","11,944 ","9,723 ","11,724 ","43,777 ","10,610 ","10,067 ","10,544 ","12,556 ","42,826 ","10,501 ","9,821 ","11,011 ","11,493 ","37,804 ","10,116 ","9,437 ","8,624 ","9,627 ","33,360 ","8,463 ","8,408 ","7,662 ","8,827 ","29,972 ","7,686 ","7,540 ","7,363 ","7,383 ","28,125 ","7,852 ","7,314 ","6,323 ","6,636 ","26,203 ","6,497 ","6,837 ","6,234 ","6,635 ","23,603 ","6,274 ","5,475 ","5,536 ","6,318 ","22,926 ","6,072 ","5,649 ","5,540 ","5,665 ","17,518 ","4,646 ","4,097 ","4,381 ","4,394 ","17,009 ","4,304 ","4,200 ","4,006 ","4,499 ","15,062 ","3,749 ","3,628 ","3,523 ","4,162 ","11,848 ","3,208 ","2,578 ","2,844 ","3,218 ","12,005 ","2,750 ","2,968 ","2,863 ","3,424 ","10,872 ","2,997 ","2,731 ","2,386 ","2,758 ","9,848 ","2,125 ","2,373 ","2,278 ","3,072 ","14,211 ","3,086 ","3,230 ","3,453 ","4,442 ","13,526 ","3,253 ","3,130 ","3,116 ","4,027 ","13,581 ","3,279 ","3,205 ","3,079 ","4,018 ","12,981 ","3,194 ","3,132 ","2,886 ","3,769 ","12,333 ","2,848 ","2,965 ","2,821 ","3,699 ","11,456 ","2,858 ","2,776 ","2,520 ","3,302 ","10,273 ","2,453 ","2,534 ","2,379 ","2,907 ","10,393 ","2,422 ","2,556 ","2,514 ","2,901 ","11,278 ","2,549 ","2,723 ","2,690 ","3,316 ","11,444 ","2,573 ","2,709 ","2,680 ","3,482 ","11,501 ","2,601 ","2,799 ","2,671 ","3,430 ","11,919 ","2,681 ","2,920 ","2,722 ","3,596 ","12,514 ","2,798 ","3,004 ","2,973 ","3,739 ","11,777 ","2,697 ","2,850 ","2,703 ","3,527 ","11,688 ","2,816 ","2,676 ","2,687 ","3,509 ","12,242 ","2,726 ","3,150 ","2,869 ","3,497 "
C 製造業　,"548,057 ","130,114 ","132,290 ","143,328 ","142,325 ","564,917 ","133,876 ","137,858 ","146,774 ","146,409 ","653,250 ","143,041 ","158,720 ","176,682 ","174,807 ","747,626 ","173,237 ","188,664 ","199,558 ","186,167 ","755,542 ","176,811 ","187,664 ","197,782 ","193,285 ","890,033 ","202,366 ","211,177 ","236,010 ","240,480 ","984,231 ","228,072 ","243,865 ","263,827 ","248,467 ","1,015,342 ","237,376 ","247,048 ","270,642 ","260,276 ","1,061,315 ","252,906 ","263,899 ","278,536 ","265,974 ","1,048,341 ","244,327 ","249,963 ","276,192 ","277,859 ","1,109,763 ","254,289 ","260,685 ","295,023 ","299,766 ","1,167,995 ","268,931 ","286,514 ","300,568 ","311,982 ","1,216,565 ","276,631 ","295,057 ","316,188 ","328,689 ","1,296,359 ","279,875 ","318,571 ","331,980 ","365,933 ","1,375,562 ","308,080 ","336,367 ","356,245 ","374,870 ","1,462,525 ","316,828 ","351,158 ","379,496 ","415,043 ","1,566,847 ","332,489 ","374,151 ","406,581 ","453,626 ","1,600,523 ","350,220 ","386,520 ","419,413 ","444,370 ","1,734,713 ","367,377 ","427,400 ","454,036 ","485,900 ","1,893,139 ","401,168 ","459,900 ","516,153 ","515,918 ","1,763,085 ","395,791 ","419,769 ","443,682 ","503,843 ","1,974,072 ","415,935 ","482,107 ","518,201 ","557,829 ","2,200,626 ","461,802 ","504,205 ","569,162 ","665,457 ","2,456,812 ","530,176 ","583,718 ","642,005 ","700,913 ","2,672,947 ","559,176 ","627,953 ","693,432 ","792,386 ","2,886,538 ","612,402 ","689,994 ","773,499 ","810,643 ","3,310,926 ","674,495 ","784,452 ","902,435 ","949,544 ","3,351,788 ","785,388 ","858,640 ","902,332 ","805,428 ","3,284,456 ","656,838 ","777,794 ","884,482 ","965,342 ","4,050,405 ","866,148 ","999,084 ","1,077,465 ","1,107,708 ","4,318,148 ","1,004,815 ","1,076,065 ","1,121,445 ","1,115,823 ","4,549,302 ","1,041,161 ","1,119,871 ","1,194,232 ","1,194,038 ","4,703,461 ","1,062,445 ","1,154,607 ","1,247,065 ","1,239,344 ","5,198,322 ","1,147,954 ","1,283,391 ","1,389,460 ","1,377,517 ","5,268,159 ","1,243,069 ","1,312,523 ","1,375,940 ","1,336,627 ","5,481,223 ","1,233,030 ","1,333,875 ","1,463,523 ","1,450,795 ","5,885,211 ","1,352,165 ","1,397,355 ","1,576,250 ","1,559,441 ","6,109,931 ","1,400,378 ","1,477,146 ","1,630,060 ","1,602,347 ","6,241,874 ","1,394,589 ","1,513,871 ","1,685,737 ","1,647,677 ","6,796,648 ","1,522,104 ","1,600,747 ","1,823,439 ","1,850,358 ","7,918,542 ","1,816,880 ","1,923,056 ","2,110,005 ","2,068,601 ","8,097,569 ","1,959,202 ","1,993,096 ","2,163,935 ","1,981,336 ","7,507,180 ","1,718,676 ","1,810,685 ","2,027,660 ","1,950,159 ","8,287,130 ","1,862,353 ","2,024,505 ","2,235,676 ","2,164,596 ","9,653,036 ","2,054,638 ","2,373,053 ","2,526,555 ","2,698,790 "
D 電力及燃氣供應業　,"37,994 ","8,867 ","9,089 ","10,131 ","9,907 ","39,044 ","8,613 ","9,593 ","9,905 ","10,933 ","42,526 ","9,033 ","9,889 ","11,548 ","12,056 ","44,615 ","9,382 ","10,318 ","12,224 ","12,691 ","44,749 ","9,520 ","10,997 ","11,784 ","12,448 ","46,207 ","10,112 ","10,408 ","12,985 ","12,702 ","54,039 ","10,745 ","12,709 ","15,175 ","15,410 ","59,445 ","11,776 ","13,352 ","17,006 ","17,311 ","63,550 ","13,469 ","15,004 ","17,410 ","17,667 ","64,105 ","13,753 ","15,017 ","17,561 ","17,774 ","73,576 ","15,346 ","18,207 ","19,980 ","20,043 ","82,104 ","17,023 ","19,461 ","23,573 ","22,047 ","88,882 ","18,551 ","21,320 ","25,798 ","23,213 ","96,641 ","21,152 ","24,567 ","26,520 ","24,402 ","104,100 ","22,360 ","26,107 ","29,410 ","26,223 ","108,923 ","23,213 ","26,441 ","31,676 ","27,593 ","115,905 ","24,161 ","28,269 ","32,796 ","30,679 ","125,397 ","26,047 ","30,706 ","36,525 ","32,119 ","128,092 ","28,465 ","29,514 ","36,749 ","33,364 ","130,277 ","28,018 ","30,615 ","36,523 ","35,121 ","124,286 ","25,570 ","29,450 ","34,807 ","34,459 ","129,280 ","26,429 ","30,658 ","36,394 ","35,799 ","132,991 ","27,693 ","30,179 ","38,232 ","36,887 ","142,749 ","28,279 ","33,575 ","41,304 ","39,591 ","148,385 ","31,668 ","34,839 ","40,030 ","41,848 ","150,416 ","33,666 ","34,560 ","37,919 ","44,271 ","142,340 ","28,660 ","31,152 ","37,883 ","44,645 ","137,949 ","30,373 ","28,206 ","35,462 ","43,908 ","170,553 ","22,865 ","13,903 ","41,543 ","92,242 ","182,903 ","37,791 ","37,946 ","49,102 ","58,064 ","190,316 ","42,340 ","37,440 ","47,869 ","62,667 ","191,640 ","40,643 ","49,916 ","53,287 ","47,794 ","196,318 ","47,106 ","43,551 ","53,981 ","51,680 ","201,850 ","48,532 ","48,001 ","55,182 ","50,135 ","194,710 ","46,356 ","47,784 ","51,522 ","49,048 ","207,254 ","45,602 ","50,825 ","56,642 ","54,185 ","207,160 ","44,933 ","49,663 ","58,184 ","54,380 ","207,379 ","46,770 ","49,651 ","58,175 ","52,783 ","207,662 ","46,369 ","49,979 ","58,144 ","53,170 ","204,091 ","45,405 ","47,635 ","57,963 ","53,088 ","207,392 ","47,245 ","50,136 ","56,666 ","53,345 ","215,402 ","47,785 ","52,774 ","61,108 ","53,735 ","216,229 ","48,257 ","53,038 ","61,085 ","53,849 ","219,806 ","49,799 ","54,343 ","61,288 ","54,376 ","219,424 ","49,351 ","54,438 ","61,299 ","54,336 "
E 用水供應及污染整治業　,"19,546 ","4,714 ","4,558 ","5,120 ","5,154 ","21,615 ","4,669 ","4,713 ","6,058 ","6,175 ","23,188 ","5,234 ","5,038 ","6,358 ","6,558 ","24,462 ","5,433 ","5,402 ","6,714 ","6,913 ","25,854 ","6,049 ","5,421 ","6,924 ","7,460 ","27,040 ","6,302 ","5,683 ","7,390 ","7,665 ","30,710 ","6,925 ","6,567 ","8,531 ","8,687 ","33,400 ","7,559 ","7,159 ","9,129 ","9,553 ","36,135 ","8,427 ","7,834 ","9,777 ","10,097 ","39,810 ","9,012 ","8,265 ","11,172 ","11,361 ","44,962 ","10,563 ","9,455 ","12,171 ","12,773 ","45,997 ","10,876 ","9,849 ","12,329 ","12,943 ","46,233 ","10,978 ","10,006 ","12,471 ","12,778 ","47,461 ","11,354 ","10,097 ","12,665 ","13,345 ","48,232 ","12,430 ","10,923 ","13,687 ","11,192 ","49,586 ","12,326 ","10,540 ","13,378 ","13,342 ","50,378 ","12,357 ","10,863 ","13,657 ","13,501 ","50,781 ","12,525 ","11,353 ","13,571 ","13,332 ","51,901 ","12,769 ","11,727 ","13,713 ","13,692 ","51,816 ","12,543 ","11,676 ","13,680 ","13,917 ","52,816 ","13,065 ","12,324 ","14,146 ","13,281 ","58,366 ","13,695 ","13,447 ","15,021 ","16,203 ","64,688 ","14,958 ","14,884 ","16,783 ","18,063 ","70,714 ","16,856 ","16,184 ","18,444 ","19,230 ","76,690 ","17,425 ","17,920 ","20,407 ","20,938 ","83,638 ","19,396 ","20,124 ","22,391 ","21,727 ","92,481 ","21,185 ","23,100 ","25,134 ","23,062 ","96,904 ","22,031 ","24,483 ","25,474 ","24,916 ","97,768 ","21,463 ","24,694 ","25,739 ","25,872 ","102,180 ","22,359 ","25,727 ","27,173 ","26,921 ","100,485 ","22,004 ","25,111 ","26,432 ","26,938 ","105,094 ","24,075 ","26,685 ","27,956 ","26,378 ","103,714 ","23,641 ","26,638 ","27,800 ","25,635 ","105,516 ","24,070 ","26,819 ","28,367 ","26,260 ","102,372 ","23,288 ","25,821 ","27,609 ","25,654 ","103,799 ","22,974 ","25,864 ","28,388 ","26,573 ","105,948 ","23,669 ","26,322 ","28,773 ","27,184 ","108,888 ","24,086 ","27,449 ","29,573 ","27,780 ","110,958 ","24,373 ","27,841 ","30,133 ","28,611 ","114,075 ","24,540 ","28,646 ","31,198 ","29,691 ","112,798 ","24,458 ","28,722 ","30,527 ","29,091 ","121,044 ","26,140 ","30,866 ","32,408 ","31,630 ","131,868 ","27,969 ","34,466 ","35,488 ","33,945 ","139,627 ","29,936 ","36,422 ","37,736 ","35,533 ","142,908 ","31,071 ","37,782 ","37,556 ","36,499 "
F 營建工程業　,"291,911 ","69,949 ","77,585 ","72,978 ","71,399 ","286,009 ","66,875 ","77,788 ","72,530 ","68,816 ","274,269 ","60,278 ","75,149 ","71,342 ","67,500 ","285,241 ","66,876 ","77,157 ","71,210 ","69,998 ","293,832 ","69,244 ","79,418 ","72,358 ","72,812 ","310,706 ","72,558 ","81,399 ","77,131 ","79,618 ","340,175 ","79,952 ","91,493 ","84,062 ","84,668 ","379,250 ","90,908 ","98,997 ","94,523 ","94,822 ","426,777 ","100,927 ","112,999 ","106,404 ","106,447 ","458,911 ","106,740 ","117,167 ","120,352 ","114,652 ","475,763 ","117,126 ","124,948 ","123,418 ","110,271 ","516,504 ","132,588 ","133,311 ","132,458 ","118,147 ","574,026 ","142,690 ","152,879 ","152,570 ","125,887 ","616,787 ","146,997 ","163,048 ","169,468 ","137,274 ","624,952 ","150,982 ","170,583 ","168,840 ","134,547 ","613,664 ","144,427 ","170,198 ","165,308 ","133,731 ","616,787 ","140,035 ","168,535 ","174,988 ","133,229 ","619,971 ","138,518 ","172,054 ","177,426 ","131,973 ","613,761 ","144,159 ","170,099 ","160,639 ","138,864 ","587,586 ","129,042 ","161,418 ","160,325 ","136,801 ","520,365 ","131,050 ","143,898 ","132,176 ","113,241 ","537,269 ","124,242 ","153,242 ","147,604 ","112,181 ","519,997 ","131,673 ","138,103 ","140,528 ","109,693 ","557,895 ","129,983 ","154,880 ","160,712 ","112,320 ","567,820 ","135,373 ","155,776 ","161,139 ","115,532 ","593,185 ","137,973 ","161,495 ","175,045 ","118,672 ","600,567 ","138,946 ","166,203 ","172,026 ","123,392 ","545,733 ","132,975 ","149,564 ","151,612 ","111,582 ","485,823 ","118,906 ","126,460 ","131,034 ","109,423 ","552,921 ","137,980 ","140,624 ","151,097 ","123,220 ","558,684 ","148,388 ","145,228 ","149,329 ","115,739 ","550,618 ","144,317 ","142,292 ","145,843 ","118,166 ","555,232 ","146,514 ","141,618 ","144,496 ","122,604 ","559,538 ","145,983 ","142,792 ","144,133 ","126,630 ","555,274 ","145,408 ","141,738 ","142,310 ","125,818 ","548,766 ","141,664 ","140,845 ","141,885 ","124,372 ","540,768 ","136,603 ","137,733 ","142,846 ","123,586 ","547,431 ","138,146 ","139,916 ","143,726 ","125,643 ","571,581 ","144,208 ","146,559 ","147,974 ","132,840 ","598,524 ","146,939 ","151,398 ","161,875 ","138,312 ","628,475 ","162,124 ","161,156 ","164,426 ","140,769 ","633,048 ","176,823 ","173,029 ","156,176 ","127,020 ","628,636 ","170,011 ","168,361 ","160,243 ","130,021 ","658,041 ","177,321 ","174,799 ","168,932 ","136,989 ","685,534 ","186,887 ","186,154 ","174,000 ","138,493 "
G 批發及零售業　,"365,653 ","86,990 ","88,476 ","91,064 ","99,123 ","382,373 ","90,664 ","94,006 ","94,599 ","103,104 ","416,919 ","95,262 ","104,384 ","103,793 ","113,480 ","458,735 ","107,557 ","114,637 ","114,481 ","122,060 ","487,820 ","115,765 ","119,973 ","121,895 ","130,187 ","532,469 ","127,915 ","128,991 ","132,364 ","143,199 ","593,455 ","141,875 ","141,561 ","149,252 ","160,767 ","665,744 ","158,738 ","163,224 ","164,833 ","178,949 ","739,226 ","178,711 ","181,778 ","181,288 ","197,449 ","808,727 ","198,396 ","195,058 ","197,590 ","217,683 ","882,812 ","221,619 ","214,333 ","213,296 ","233,564 ","978,696 ","244,711 ","241,312 ","237,456 ","255,217 ","1,053,269 ","263,897 ","260,293 ","252,831 ","276,248 ","1,145,256 ","283,647 ","278,588 ","277,968 ","305,053 ","1,245,379 ","310,766 ","305,341 ","297,074 ","332,198 ","1,343,814 ","335,278 ","329,156 ","322,391 ","356,989 ","1,412,408 ","353,697 ","352,629 ","327,832 ","378,250 ","1,498,393 ","366,022 ","369,322 ","356,669 ","406,380 ","1,612,984 ","395,459 ","395,519 ","380,274 ","441,732 ","1,741,358 ","416,453 ","431,275 ","405,801 ","487,829 ","1,762,183 ","444,028 ","422,722 ","407,443 ","487,990 ","1,820,566 ","435,822 ","437,655 ","433,643 ","513,446 ","1,871,007 ","456,098 ","430,917 ","446,423 ","537,569 ","1,994,538 ","482,701 ","488,387 ","475,952 ","547,498 ","2,127,972 ","509,485 ","512,887 ","510,260 ","595,340 ","2,251,013 ","548,351 ","543,152 ","534,638 ","624,872 ","2,382,083 ","579,655 ","570,039 ","569,769 ","662,620 ","2,406,275 ","629,109 ","597,439 ","561,318 ","618,409 ","2,353,970 ","577,076 ","561,861 ","556,865 ","658,168 ","2,504,280 ","615,808 ","613,940 ","590,778 ","683,754 ","2,599,470 ","665,883 ","636,079 ","614,641 ","682,867 ","2,626,582 ","667,703 ","642,333 ","617,801 ","698,745 ","2,656,373 ","675,810 ","642,255 ","618,547 ","719,761 ","2,742,353 ","693,367 ","672,414 ","641,217 ","735,355 ","2,729,177 ","703,375 ","667,483 ","629,015 ","729,304 ","2,734,976 ","689,074 ","659,641 ","635,848 ","750,413 ","2,793,567 ","702,571 ","667,900 ","653,921 ","769,175 ","2,820,428 ","714,586 ","681,901 ","662,341 ","761,600 ","2,888,163 ","721,933 ","692,952 ","685,864 ","787,414 ","2,963,001 ","725,342 ","672,719 ","730,914 ","834,026 ","3,015,221 ","788,089 ","699,327 ","700,128 ","827,677 ","3,066,814 ","817,615 ","727,169 ","713,854 ","808,176 ","3,041,552 ","761,169 ","731,554 ","717,232 ","831,597 ","3,127,990 ","794,990 ","751,797 ","735,372 ","845,831 ","3,340,540 ","821,928 ","796,877 ","784,202 ","937,533 "
H 運輸及倉儲業　,"189,582 ","44,729 ","47,465 ","47,865 ","49,523 ","204,307 ","47,818 ","51,165 ","51,149 ","54,175 ","221,553 ","51,553 ","56,530 ","55,298 ","58,172 ","245,619 ","57,863 ","62,000 ","61,358 ","64,398 ","266,100 ","63,596 ","66,698 ","66,281 ","69,525 ","281,375 ","66,988 ","69,566 ","69,798 ","75,023 ","312,547 ","76,232 ","77,020 ","78,062 ","81,233 ","341,667 ","82,515 ","85,212 ","86,666 ","87,274 ","365,201 ","88,538 ","92,500 ","92,686 ","91,477 ","379,850 ","93,164 ","95,452 ","98,059 ","93,175 ","406,999 ","98,836 ","100,518 ","104,563 ","103,082 ","439,178 ","109,614 ","109,043 ","111,336 ","109,185 ","460,791 ","114,545 ","114,229 ","117,102 ","114,915 ","487,615 ","121,839 ","119,250 ","122,889 ","123,637 ","520,794 ","131,665 ","129,072 ","129,294 ","130,763 ","545,385 ","137,566 ","134,849 ","137,223 ","135,747 ","569,218 ","142,787 ","140,762 ","144,200 ","141,469 ","587,943 ","146,468 ","148,231 ","146,123 ","147,121 ","656,683 ","163,856 ","165,353 ","165,836 ","161,638 ","700,387 ","170,689 ","176,082 ","177,523 ","176,093 ","674,462 ","174,729 ","168,793 ","164,990 ","165,950 ","700,225 ","170,699 ","176,077 ","171,514 ","181,935 ","706,555 ","179,388 ","163,998 ","173,861 ","189,308 ","751,063 ","183,999 ","183,478 ","187,782 ","195,804 ","770,948 ","188,220 ","187,272 ","192,704 ","202,752 ","797,447 ","194,933 ","194,140 ","201,733 ","206,641 ","838,273 ","207,368 ","205,031 ","210,613 ","215,261 ","833,515 ","209,584 ","205,866 ","206,330 ","211,735 ","789,422 ","191,997 ","191,183 ","192,761 ","213,481 ","853,515 ","215,171 ","212,166 ","206,608 ","219,570 ","875,167 ","220,846 ","213,613 ","215,037 ","225,671 ","886,987 ","224,912 ","214,928 ","217,782 ","229,365 ","950,574 ","237,873 ","230,926 ","232,410 ","249,365 ","955,503 ","241,276 ","237,466 ","234,752 ","242,009 ","948,487 ","241,313 ","239,083 ","227,266 ","240,825 ","975,339 ","237,398 ","242,695 ","239,084 ","256,162 ","1,029,374 ","255,262 ","250,074 ","256,941 ","267,097 ","1,076,337 ","270,463 ","261,409 ","270,536 ","273,929 ","1,085,435 ","269,848 ","262,795 ","274,370 ","278,422 ","862,237 ","230,524 ","192,578 ","217,514 ","221,621 ","805,311 ","208,550 ","197,859 ","184,337 ","214,565 ","856,508 ","203,693 ","200,537 ","214,430 ","237,848 ","1,160,103 ","271,992 ","289,328 ","294,129 ","304,654 ","1,216,023 ","299,233 ","308,854 ","294,232 ","313,704 ","1,240,674 ","299,942 ","312,262 ","300,656 ","327,814 "
I 住宿及餐飲業　,"41,434 ","10,097 ","9,823 ","10,352 ","11,162 ","47,496 ","11,316 ","11,526 ","11,863 ","12,791 ","56,842 ","13,158 ","13,769 ","14,327 ","15,588 ","68,144 ","15,787 ","16,154 ","17,286 ","18,917 ","83,717 ","20,155 ","19,624 ","21,167 ","22,771 ","93,098 ","21,941 ","22,027 ","23,332 ","25,798 ","106,720 ","25,037 ","24,639 ","26,888 ","30,156 ","114,340 ","26,876 ","26,832 ","29,707 ","30,925 ","129,785 ","29,675 ","30,993 ","33,651 ","35,466 ","141,539 ","33,082 ","33,169 ","37,259 ","38,029 ","154,427 ","36,456 ","36,156 ","39,599 ","42,216 ","165,587 ","40,982 ","38,442 ","41,442 ","44,721 ","178,763 ","43,227 ","40,607 ","45,729 ","49,200 ","194,054 ","46,704 ","44,004 ","49,982 ","53,364 ","209,237 ","51,146 ","48,394 ","52,695 ","57,002 ","229,057 ","55,598 ","52,840 ","58,703 ","61,916 ","245,793 ","58,714 ","57,699 ","62,518 ","66,862 ","256,745 ","61,746 ","61,928 ","63,315 ","69,756 ","275,024 ","66,371 ","66,281 ","68,328 ","74,044 ","296,903 ","68,704 ","68,717 ","74,381 ","85,101 ","293,416 ","69,080 ","67,807 ","74,599 ","81,930 ","294,857 ","69,137 ","75,537 ","72,757 ","77,426 ","290,976 ","71,154 ","61,692 ","75,153 ","82,977 ","302,794 ","77,167 ","73,399 ","73,633 ","78,595 ","320,874 ","77,557 ","76,983 ","81,992 ","84,342 ","338,017 ","78,043 ","80,520 ","85,456 ","93,998 ","358,892 ","90,047 ","86,850 ","88,353 ","93,642 ","355,018 ","93,674 ","87,401 ","85,829 ","88,114 ","350,313 ","90,958 ","88,239 ","85,263 ","85,853 ","387,618 ","94,424 ","96,326 ","99,408 ","97,460 ","426,436 ","103,691 ","105,290 ","109,798 ","107,657 ","436,433 ","109,392 ","105,732 ","112,774 ","108,535 ","452,048 ","112,733 ","108,064 ","117,291 ","113,960 ","455,696 ","116,208 ","110,648 ","117,516 ","111,324 ","460,258 ","116,444 ","111,336 ","118,403 ","114,075 ","465,795 ","117,878 ","112,525 ","118,720 ","116,672 ","468,641 ","117,286 ","111,935 ","119,924 ","119,496 ","481,509 ","119,614 ","115,651 ","123,727 ","122,517 ","509,658 ","129,079 ","121,853 ","130,118 ","128,608 ","460,664 ","111,613 ","97,983 ","128,878 ","122,190 ","423,533 ","120,781 ","87,933 ","89,524 ","125,295 ","488,320 ","122,581 ","100,717 ","131,921 ","133,101 ","576,536 ","141,784 ","138,954 ","148,928 ","146,870 ","567,119 ","144,751 ","135,951 ","142,209 ","144,208 ","569,886 ","145,788 ","136,207 ","141,002 ","146,889 "
J 出版影音及資通訊業,"18,984 ","4,299 ","4,853 ","4,821 ","5,011 ","20,235 ","4,780 ","5,070 ","5,090 ","5,295 ","23,147 ","5,394 ","5,781 ","5,921 ","6,051 ","25,628 ","6,018 ","6,396 ","6,506 ","6,708 ","28,374 ","6,871 ","7,011 ","7,237 ","7,255 ","31,451 ","7,321 ","7,899 ","7,933 ","8,298 ","36,110 ","8,517 ","9,094 ","9,165 ","9,334 ","39,914 ","9,352 ","10,044 ","10,294 ","10,224 ","45,912 ","10,519 ","11,504 ","11,923 ","11,966 ","53,020 ","12,335 ","13,023 ","14,015 ","13,647 ","60,309 ","14,400 ","15,366 ","15,170 ","15,373 ","67,240 ","15,879 ","16,867 ","17,354 ","17,140 ","75,215 ","17,727 ","19,228 ","19,309 ","18,951 ","84,004 ","19,712 ","21,003 ","21,859 ","21,430 ","91,652 ","21,948 ","23,166 ","23,241 ","23,297 ","100,814 ","24,518 ","25,581 ","26,087 ","24,628 ","111,921 ","27,491 ","27,546 ","29,168 ","27,716 ","140,165 ","32,842 ","33,421 ","37,326 ","36,576 ","181,435 ","44,741 ","44,578 ","46,354 ","45,762 ","223,380 ","56,984 ","53,574 ","56,763 ","56,059 ","240,065 ","60,196 ","59,857 ","61,129 ","58,883 ","256,779 ","61,706 ","62,922 ","65,732 ","66,419 ","269,789 ","63,957 ","63,963 ","68,917 ","72,952 ","285,568 ","70,310 ","69,543 ","72,520 ","73,195 ","293,408 ","70,039 ","72,630 ","76,337 ","74,402 ","305,466 ","72,138 ","73,632 ","79,764 ","79,932 ","313,184 ","74,266 ","75,571 ","82,729 ","80,618 ","325,364 ","77,296 ","79,558 ","84,143 ","84,367 ","332,212 ","78,309 ","80,693 ","85,186 ","88,024 ","363,863 ","85,622 ","88,562 ","93,558 ","96,121 ","376,743 ","90,371 ","88,547 ","98,824 ","99,001 ","388,458 ","95,069 ","92,628 ","100,698 ","100,063 ","407,779 ","98,958 ","98,140 ","105,008 ","105,673 ","432,077 ","105,368 ","104,293 ","110,095 ","112,321 ","467,929 ","112,065 ","112,262 ","120,165 ","123,437 ","496,262 ","120,273 ","119,508 ","126,518 ","129,963 ","514,086 ","124,379 ","123,792 ","131,142 ","134,773 ","542,183 ","131,340 ","127,502 ","137,945 ","145,396 ","580,001 ","138,285 ","136,000 ","148,336 ","157,380 ","606,726 ","142,289 ","141,185 ","152,899 ","170,353 ","671,566 ","156,446 ","154,866 ","172,199 ","188,055 ","721,295 ","166,228 ","168,333 ","183,296 ","203,438 ","753,601 ","177,575 ","175,565 ","185,905 ","214,556 ","758,210 ","178,667 ","176,494 ","187,887 ","215,162 ","795,127 ","183,089 ","183,209 ","201,984 ","226,845 "
K 金融及保險業　,"92,385 ","22,905 ","24,720 ","22,956 ","21,804 ","88,380 ","22,399 ","21,216 ","22,231 ","22,534 ","86,203 ","16,283 ","16,932 ","25,672 ","27,316 ","100,733 ","21,673 ","23,657 ","27,089 ","28,314 ","123,658 ","25,370 ","28,875 ","34,599 ","34,814 ","143,999 ","36,388 ","36,345 ","36,452 ","34,814 ","190,459 ","43,399 ","49,192 ","51,622 ","46,246 ","240,049 ","54,453 ","67,506 ","64,415 ","53,675 ","330,797 ","71,195 ","85,023 ","90,162 ","84,417 ","370,632 ","106,386 ","94,804 ","87,572 ","81,870 ","365,151 ","91,552 ","97,380 ","91,886 ","84,333 ","411,181 ","107,870 ","99,177 ","106,403 ","97,731 ","456,230 ","116,101 ","110,735 ","113,057 ","116,337 ","521,918 ","130,653 ","127,091 ","137,485 ","126,689 ","512,891 ","134,168 ","127,609 ","129,459 ","121,655 ","550,075 ","134,627 ","143,673 ","136,441 ","135,334 ","668,854 ","166,351 ","170,464 ","172,509 ","159,530 ","670,439 ","180,467 ","172,107 ","163,373 ","154,492 ","721,707 ","178,365 ","192,724 ","180,830 ","169,788 ","732,346 ","202,370 ","193,659 ","175,741 ","160,576 ","706,055 ","176,344 ","176,860 ","170,599 ","182,252 ","720,206 ","179,340 ","186,903 ","176,891 ","177,072 ","729,870 ","174,268 ","178,383 ","199,533 ","177,686 ","784,801 ","191,371 ","204,546 ","200,325 ","188,559 ","820,576 ","189,019 ","209,172 ","217,851 ","204,534 ","846,625 ","205,001 ","218,851 ","216,626 ","206,147 ","906,878 ","208,993 ","235,648 ","240,066 ","222,171 ","874,867 ","217,186 ","238,973 ","212,976 ","205,732 ","806,926 ","186,127 ","213,429 ","202,670 ","204,700 ","874,533 ","204,942 ","228,800 ","224,850 ","215,941 ","909,848 ","218,248 ","241,188 ","236,687 ","213,725 ","923,995 ","224,935 ","243,506 ","235,290 ","220,264 ","960,846 ","226,973 ","255,180 ","244,087 ","234,606 ","1,037,655 ","243,326 ","275,318 ","274,912 ","244,099 ","1,081,325 ","254,747 ","291,362 ","273,879 ","261,337 ","1,105,862 ","260,985 ","298,796 ","282,308 ","263,773 ","1,157,008 ","271,235 ","303,668 ","301,479 ","280,626 ","1,193,870 ","289,860 ","320,909 ","301,462 ","281,639 ","1,232,266 ","287,767 ","326,847 ","315,515 ","302,137 ","1,294,735 ","306,902 ","340,111 ","334,356 ","313,366 ","1,426,522 ","333,066 ","378,751 ","365,898 ","348,807 ","1,368,705 ","340,147 ","364,567 ","342,707 ","321,284 ","1,429,912 ","332,029 ","370,941 ","371,050 ","355,892 ","1,650,755 ","395,765 ","429,337 ","420,967 ","404,686 ","1,742,764 ","420,926 ","435,318 ","446,157 ","440,363 "
L 不動產及住宅服務業　,"169,914 ","40,773 ","39,760 ","42,164 ","47,217 ","187,209 ","44,595 ","44,635 ","47,152 ","50,827 ","202,143 ","49,875 ","50,072 ","48,812 ","53,384 ","217,957 ","53,085 ","53,086 ","54,019 ","57,767 ","237,537 ","57,866 ","57,713 ","59,351 ","62,607 ","268,175 ","64,718 ","63,872 ","67,312 ","72,273 ","299,714 ","74,049 ","72,169 ","74,697 ","78,799 ","338,649 ","82,506 ","81,047 ","83,382 ","91,714 ","363,890 ","88,257 ","86,478 ","90,838 ","98,317 ","408,412 ","98,664 ","94,701 ","103,296 ","111,751 ","471,698 ","118,045 ","110,934 ","117,268 ","125,451 ","525,609 ","128,966 ","127,485 ","131,170 ","137,988 ","604,559 ","149,848 ","147,471 ","148,864 ","158,376 ","676,336 ","163,286 ","164,261 ","169,631 ","179,158 ","759,562 ","185,616 ","184,432 ","189,200 ","200,314 ","816,393 ","197,348 ","199,131 ","204,389 ","215,525 ","835,720 ","206,096 ","203,908 ","206,003 ","219,713 ","860,145 ","210,522 ","211,501 ","212,482 ","225,640 ","887,207 ","219,741 ","222,606 ","218,954 ","225,906 ","933,483 ","229,413 ","231,527 ","230,790 ","241,753 ","941,172 ","233,176 ","233,221 ","232,541 ","242,234 ","926,419 ","224,740 ","231,702 ","226,076 ","243,901 ","969,471 ","235,224 ","235,451 ","235,308 ","263,488 ","1,005,137 ","245,908 ","246,063 ","246,454 ","266,712 ","1,048,284 ","252,519 ","257,785 ","257,178 ","280,802 ","1,133,949 ","267,949 ","275,725 ","279,226 ","311,049 ","1,206,273 ","288,957 ","298,323 ","297,973 ","321,020 ","1,227,205 ","297,776 ","307,649 ","297,887 ","323,893 ","1,253,420 ","298,668 ","308,270 ","308,119 ","338,363 ","1,311,978 ","319,054 ","321,942 ","317,884 ","353,098 ","1,336,159 ","331,754 ","326,304 ","322,623 ","355,478 ","1,360,642 ","325,490 ","333,989 ","331,899 ","369,264 ","1,401,701 ","339,975 ","345,398 ","337,738 ","378,590 ","1,428,407 ","346,258 ","349,615 ","343,889 ","388,645 ","1,457,814 ","354,543 ","356,842 ","348,854 ","397,575 ","1,472,096 ","355,371 ","361,933 ","353,914 ","400,878 ","1,498,059 ","362,647 ","368,323 ","359,604 ","407,485 ","1,537,222 ","370,571 ","375,313 ","369,554 ","421,784 ","1,587,774 ","381,137 ","389,706 ","380,510 ","436,421 ","1,635,879 ","392,228 ","396,671 ","393,475 ","453,505 ","1,680,575 ","410,144 ","407,250 ","398,766 ","464,415 ","1,703,936 ","418,856 ","415,488 ","403,973 ","465,619 ","1,748,310 ","415,747 ","416,760 ","421,804 ","493,999 ","1,822,605 ","443,939 ","440,339 ","437,860 ","500,467 ","1,804,680 ","440,431 ","437,003 ","434,761 ","492,485 "
M 專業、科學及技術服務業　,"50,656 ","12,389 ","12,541 ","12,661 ","13,065 ","54,935 ","13,564 ","13,344 ","13,731 ","14,296 ","61,253 ","14,738 ","14,955 ","15,596 ","15,964 ","66,158 ","16,187 ","16,327 ","16,792 ","16,852 ","70,885 ","17,576 ","17,157 ","18,021 ","18,131 ","75,489 ","18,470 ","17,898 ","19,096 ","20,025 ","79,874 ","19,679 ","19,453 ","19,934 ","20,808 ","83,346 ","20,481 ","20,283 ","20,908 ","21,674 ","98,455 ","23,897 ","23,789 ","24,806 ","25,963 ","110,867 ","26,784 ","26,098 ","28,974 ","29,011 ","125,327 ","30,392 ","29,804 ","32,462 ","32,669 ","142,376 ","35,050 ","33,738 ","36,775 ","36,813 ","157,601 ","39,052 ","37,592 ","40,385 ","40,572 ","178,351 ","43,642 ","41,619 ","46,620 ","46,470 ","198,003 ","48,569 ","46,592 ","51,365 ","51,477 ","217,232 ","54,186 ","50,479 ","57,574 ","54,993 ","230,156 ","56,857 ","53,122 ","61,221 ","58,956 ","237,108 ","58,641 ","55,872 ","62,152 ","60,443 ","248,730 ","62,253 ","59,457 ","63,923 ","63,097 ","257,344 ","64,154 ","60,960 ","66,529 ","65,701 ","253,723 ","67,346 ","61,359 ","63,280 ","61,738 ","261,951 ","66,583 ","62,839 ","66,386 ","66,143 ","273,686 ","70,239 ","64,420 ","68,842 ","70,185 ","285,793 ","73,903 ","68,027 ","72,267 ","71,596 ","293,457 ","72,849 ","68,739 ","75,067 ","76,802 ","324,380 ","81,548 ","77,115 ","82,751 ","82,966 ","350,651 ","85,506 ","87,833 ","88,083 ","89,229 ","337,301 ","85,942 ","86,006 ","83,779 ","81,574 ","335,852 ","76,405 ","85,108 ","86,734 ","87,605 ","353,899 ","81,666 ","88,720 ","89,900 ","93,613 ","368,876 ","89,247 ","90,669 ","92,841 ","96,119 ","377,182 ","89,505 ","95,173 ","94,470 ","98,034 ","386,289 ","93,753 ","95,490 ","96,985 ","100,061 ","403,212 ","95,858 ","99,038 ","102,169 ","106,147 ","408,283 ","98,220 ","98,756 ","102,094 ","109,213 ","415,833 ","103,415 ","99,403 ","101,962 ","111,053 ","434,192 ","106,971 ","102,593 ","107,095 ","117,533 ","447,216 ","107,803 ","105,632 ","112,142 ","121,639 ","464,219 ","113,053 ","109,457 ","114,481 ","127,228 ","469,956 ","112,674 ","108,595 ","118,777 ","129,910 ","498,552 ","120,709 ","113,738 ","121,686 ","142,419 ","533,278 ","132,791 ","124,648 ","134,452 ","141,387 ","562,277 ","132,358 ","129,703 ","147,404 ","152,812 ","598,369 ","144,018 ","141,052 ","154,759 ","158,540 ","612,605 ","150,307 ","143,419 ","158,636 ","160,243 "
N 支援服務業　,"24,445 ","5,735 ","6,025 ","6,025 ","6,660 ","24,572 ","5,889 ","6,017 ","6,049 ","6,617 ","24,718 ","5,794 ","6,124 ","6,133 ","6,667 ","26,304 ","6,280 ","6,573 ","6,586 ","6,865 ","26,923 ","6,514 ","6,655 ","6,721 ","7,033 ","26,655 ","6,308 ","6,436 ","6,638 ","7,273 ","28,271 ","6,638 ","6,868 ","7,029 ","7,736 ","28,547 ","6,687 ","6,962 ","7,117 ","7,781 ","31,249 ","7,255 ","7,676 ","7,826 ","8,492 ","33,621 ","7,885 ","8,091 ","8,586 ","9,059 ","38,104 ","9,006 ","9,144 ","9,680 ","10,274 ","42,296 ","10,102 ","10,226 ","10,722 ","11,246 ","47,018 ","11,249 ","11,290 ","11,772 ","12,707 ","54,047 ","12,597 ","12,867 ","13,857 ","14,726 ","59,780 ","14,091 ","14,323 ","15,100 ","16,266 ","64,954 ","15,412 ","15,526 ","16,688 ","17,328 ","73,921 ","17,504 ","17,615 ","19,032 ","19,770 ","79,362 ","18,747 ","19,397 ","20,089 ","21,129 ","89,989 ","21,178 ","22,121 ","22,963 ","23,727 ","98,746 ","23,358 ","23,745 ","25,331 ","26,312 ","109,010 ","26,594 ","26,216 ","27,390 ","28,810 ","119,640 ","28,016 ","28,961 ","29,924 ","32,739 ","124,365 ","28,814 ","28,371 ","31,718 ","35,462 ","138,214 ","31,916 ","33,816 ","34,949 ","37,533 ","154,332 ","34,834 ","37,817 ","38,880 ","42,801 ","179,018 ","40,572 ","43,205 ","45,519 ","49,722 ","196,500 ","45,253 ","48,466 ","49,117 ","53,664 ","209,162 ","48,987 ","51,932 ","51,988 ","56,255 ","201,705 ","45,747 ","48,915 ","50,203 ","56,840 ","219,023 ","49,984 ","53,228 ","54,530 ","61,281 ","228,658 ","52,117 ","54,623 ","57,778 ","64,140 ","240,225 ","55,301 ","57,595 ","60,300 ","67,029 ","249,376 ","58,480 ","59,587 ","62,110 ","69,199 ","268,161 ","61,062 ","63,513 ","66,915 ","76,671 ","289,286 ","67,243 ","68,975 ","72,503 ","80,565 ","306,166 ","72,619 ","73,393 ","75,628 ","84,526 ","315,543 ","74,035 ","74,929 ","78,189 ","88,390 ","328,168 ","77,189 ","77,562 ","80,880 ","92,537 ","341,811 ","80,078 ","82,224 ","83,926 ","95,583 ","323,834 ","77,288 ","75,004 ","79,571 ","91,971 ","323,443 ","75,789 ","75,696 ","79,277 ","92,681 ","357,329 ","81,376 ","84,160 ","89,736 ","102,057 ","384,514 ","86,928 ","90,111 ","95,365 ","112,110 ","403,204 ","93,947 ","94,156 ","99,927 ","115,174 ","429,041 ","97,619 ","101,405 ","105,802 ","124,215 "
O 公共行政及國防；強制性社會安全,"377,303 ","92,634 ","94,794 ","91,279 ","98,596 ","400,946 ","100,633 ","99,648 ","97,371 ","103,294 ","421,749 ","104,206 ","103,626 ","103,516 ","110,401 ","453,066 ","112,570 ","111,365 ","110,596 ","118,535 ","480,320 ","120,284 ","118,605 ","116,799 ","124,632 ","494,826 ","123,964 ","122,935 ","119,611 ","128,316 ","521,185 ","128,189 ","126,578 ","129,030 ","137,388 ","568,618 ","138,794 ","136,980 ","141,948 ","150,896 ","616,630 ","148,660 ","146,715 ","155,863 ","165,392 ","678,148 ","163,102 ","160,312 ","172,057 ","182,677 ","733,465 ","177,728 ","173,343 ","186,092 ","196,302 ","756,724 ","186,207 ","181,459 ","188,334 ","200,724 ","793,545 ","196,134 ","189,960 ","195,911 ","211,540 ","821,899 ","207,926 ","201,296 ","196,597 ","216,080 ","883,210 ","213,137 ","205,493 ","224,555 ","240,025 ","935,822 ","229,827 ","224,285 ","236,954 ","244,756 ","951,229 ","233,726 ","228,940 ","238,926 ","249,637 ","971,125 ","239,466 ","230,884 ","246,699 ","254,076 ","997,510 ","244,885 ","241,397 ","259,422 ","251,806 ","1,030,913 ","252,855 ","250,111 ","267,726 ","260,221 ","1,048,746 ","252,573 ","267,857 ","269,421 ","258,895 ","1,043,370 ","256,040 ","274,201 ","256,968 ","256,161 ","1,067,394 ","265,279 ","268,523 ","274,390 ","259,202 ","1,076,762 ","271,150 ","266,367 ","274,847 ","264,398 ","1,093,664 ","265,467 ","275,516 ","281,541 ","271,140 ","1,094,630 ","261,709 ","271,888 ","279,524 ","281,509 ","1,081,801 ","265,054 ","272,664 ","281,510 ","262,573 ","1,087,663 ","264,558 ","272,652 ","283,480 ","266,973 ","1,098,930 ","270,734 ","276,113 ","289,858 ","262,225 ","1,132,847 ","276,456 ","284,689 ","299,650 ","272,052 ","1,135,575 ","278,705 ","286,515 ","294,738 ","275,617 ","1,140,139 ","284,528 ","290,542 ","290,477 ","274,592 ","1,129,982 ","281,425 ","286,747 ","289,753 ","272,057 ","1,119,410 ","278,796 ","282,444 ","286,737 ","271,433 ","1,119,771 ","278,306 ","281,433 ","291,118 ","268,914 ","1,119,391 ","280,247 ","285,268 ","287,366 ","266,510 ","1,124,991 ","282,354 ","285,428 ","284,069 ","273,140 ","1,134,254 ","292,245 ","283,823 ","288,142 ","270,044 ","1,154,296 ","297,196 ","288,890 ","293,378 ","274,832 ","1,173,531 ","303,183 ","293,796 ","297,440 ","279,112 ","1,183,875 ","305,102 ","296,921 ","299,614 ","282,238 ","1,189,984 ","305,479 ","298,285 ","301,369 ","284,851 ","1,200,391 ","307,589 ","300,954 ","303,633 ","288,215 ","1,212,658 ","310,216 ","303,944 ","306,584 ","291,914 ","1,228,013 ","313,699 ","307,870 ","310,764 ","295,680 "
P 教育業　,"115,978 ","27,542 ","30,176 ","31,257 ","27,003 ","123,455 ","27,959 ","30,971 ","34,806 ","29,719 ","131,329 ","30,319 ","33,933 ","36,195 ","30,882 ","142,294 ","32,663 ","36,267 ","38,781 ","34,583 ","151,119 ","35,168 ","38,522 ","41,098 ","36,331 ","161,677 ","36,096 ","39,719 ","45,292 ","40,570 ","178,143 ","41,144 ","44,864 ","48,674 ","43,461 ","192,652 ","44,100 ","49,214 ","52,708 ","46,630 ","207,331 ","46,653 ","51,863 ","58,191 ","50,624 ","227,560 ","50,183 ","54,316 ","66,432 ","56,629 ","264,144 ","58,690 ","62,530 ","77,221 ","65,703 ","286,562 ","64,710 ","68,796 ","83,192 ","69,864 ","316,097 ","72,867 ","76,933 ","89,774 ","76,523 ","341,220 ","79,305 ","83,926 ","95,376 ","82,613 ","372,681 ","86,478 ","89,833 ","105,371 ","90,999 ","409,997 ","93,004 ","98,179 ","118,750 ","100,064 ","440,183 ","100,349 ","105,660 ","126,228 ","107,946 ","460,831 ","106,431 ","111,176 ","132,166 ","111,058 ","485,722 ","112,295 ","118,444 ","129,553 ","125,430 ","504,688 ","114,844 ","123,533 ","135,159 ","131,152 ","533,654 ","132,686 ","125,377 ","146,634 ","128,957 ","570,867 ","138,749 ","133,564 ","151,902 ","146,652 ","599,241 ","146,669 ","140,035 ","158,882 ","153,655 ","620,512 ","150,243 ","143,363 ","167,123 ","159,783 ","630,690 ","149,098 ","148,378 ","170,083 ","163,131 ","655,925 ","155,730 ","154,898 ","178,807 ","166,490 ","670,116 ","159,035 ","157,753 ","179,777 ","173,551 ","690,519 ","164,093 ","160,319 ","185,622 ","180,485 ","702,281 ","165,889 ","163,968 ","188,118 ","184,306 ","718,690 ","169,623 ","168,061 ","192,342 ","188,664 ","738,352 ","176,979 ","169,500 ","203,518 ","188,355 ","761,857 ","182,093 ","173,823 ","211,966 ","193,975 ","765,579 ","182,669 ","177,226 ","209,618 ","196,066 ","771,981 ","185,138 ","180,003 ","211,008 ","195,832 ","769,448 ","182,962 ","180,934 ","208,787 ","196,765 ","759,648 ","177,367 ","175,449 ","208,931 ","197,901 ","758,503 ","177,005 ","174,913 ","212,431 ","194,154 ","759,563 ","169,614 ","179,202 ","210,212 ","200,535 ","760,948 ","170,401 ","179,027 ","211,875 ","199,645 ","757,892 ","172,188 ","177,214 ","210,139 ","198,351 ","751,904 ","171,105 ","174,819 ","206,360 ","199,620 ","755,543 ","169,649 ","179,173 ","208,101 ","198,620 ","753,021 ","169,164 ","179,018 ","206,976 ","197,863 ","750,908 ","169,755 ","179,548 ","205,115 ","196,490 ","752,028 ","169,787 ","179,802 ","204,845 ","197,594 "
Q 醫療保健及社會工作服務業　,"39,705 ","9,280 ","9,492 ","9,937 ","10,996 ","48,930 ","10,894 ","11,962 ","12,411 ","13,663 ","54,879 ","13,012 ","13,276 ","13,549 ","15,042 ","62,127 ","15,172 ","15,251 ","15,205 ","16,499 ","68,429 ","16,634 ","16,922 ","16,753 ","18,120 ","77,220 ","18,337 ","19,206 ","19,419 ","20,258 ","98,586 ","22,889 ","23,916 ","25,105 ","26,676 ","112,611 ","25,686 ","27,550 ","29,002 ","30,373 ","133,680 ","30,606 ","32,596 ","34,648 ","35,830 ","153,747 ","35,561 ","37,864 ","39,992 ","40,330 ","193,278 ","44,792 ","48,549 ","50,783 ","49,154 ","210,409 ","49,892 ","52,889 ","53,870 ","53,758 ","226,522 ","53,202 ","56,649 ","58,966 ","57,705 ","241,552 ","57,002 ","60,656 ","63,054 ","60,840 ","276,721 ","66,405 ","68,970 ","71,277 ","70,069 ","306,036 ","73,678 ","75,066 ","80,270 ","77,022 ","331,982 ","80,640 ","81,850 ","86,322 ","83,170 ","359,177 ","87,475 ","90,512 ","92,594 ","88,596 ","386,229 ","94,580 ","96,280 ","99,074 ","96,295 ","407,888 ","96,009 ","99,558 ","105,672 ","106,649 ","420,283 ","101,137 ","100,841 ","106,778 ","111,527 ","447,012 ","106,065 ","109,916 ","113,031 ","118,000 ","453,604 ","111,033 ","108,630 ","113,113 ","120,828 ","464,521 ","112,384 ","112,772 ","117,624 ","121,741 ","455,917 ","105,955 ","113,584 ","115,198 ","121,180 ","459,009 ","105,839 ","115,640 ","115,530 ","122,000 ","480,343 ","114,872 ","120,457 ","120,145 ","124,869 ","492,735 ","117,951 ","121,988 ","122,737 ","130,059 ","511,113 ","121,381 ","127,315 ","127,921 ","134,496 ","519,809 ","120,291 ","132,665 ","133,268 ","133,585 ","548,716 ","134,168 ","137,641 ","137,923 ","138,984 ","532,340 ","127,499 ","133,704 ","135,514 ","135,623 ","528,267 ","124,659 ","133,925 ","134,052 ","135,631 ","551,160 ","132,371 ","139,975 ","139,955 ","138,859 ","558,349 ","132,919 ","141,564 ","141,352 ","142,514 ","575,779 ","138,190 ","146,154 ","145,115 ","146,320 ","588,053 ","140,077 ","149,598 ","148,988 ","149,390 ","612,502 ","147,412 ","155,371 ","154,637 ","155,082 ","644,566 ","154,418 ","163,469 ","163,605 ","163,074 ","654,787 ","158,304 ","165,581 ","164,386 ","166,516 ","662,899 ","159,429 ","167,192 ","165,181 ","171,097 ","714,490 ","170,049 ","184,447 ","180,042 ","179,952 ","754,371 ","183,578 ","192,619 ","186,791 ","191,383 ","789,303 ","191,400 ","200,515 ","194,601 ","202,787 ","815,693 ","197,992 ","207,348 ","201,085 ","209,268 "
R 藝術、娛樂及休閒服務業　,"14,585 ","3,289 ","3,571 ","3,705 ","4,020 ","15,871 ","3,620 ","3,932 ","4,050 ","4,269 ","16,906 ","3,930 ","4,248 ","4,249 ","4,479 ","18,366 ","4,271 ","4,481 ","4,690 ","4,924 ","20,134 ","4,744 ","4,867 ","5,137 ","5,386 ","21,769 ","5,059 ","5,249 ","5,447 ","6,014 ","25,991 ","6,021 ","6,146 ","6,696 ","7,128 ","31,169 ","7,656 ","7,591 ","7,915 ","8,007 ","35,974 ","8,756 ","9,033 ","9,187 ","8,998 ","40,894 ","10,020 ","9,919 ","10,758 ","10,197 ","44,853 ","11,009 ","10,796 ","11,767 ","11,281 ","51,506 ","12,748 ","12,514 ","13,368 ","12,876 ","56,313 ","14,112 ","13,556 ","14,532 ","14,113 ","61,484 ","15,172 ","14,791 ","15,983 ","15,538 ","68,639 ","17,136 ","16,514 ","17,544 ","17,445 ","74,725 ","19,204 ","18,093 ","19,101 ","18,327 ","78,330 ","20,209 ","18,857 ","20,053 ","19,211 ","83,106 ","21,871 ","20,556 ","20,832 ","19,847 ","86,783 ","22,995 ","21,701 ","21,597 ","20,490 ","90,435 ","24,052 ","22,343 ","22,574 ","21,466 ","95,366 ","25,286 ","22,999 ","23,611 ","23,470 ","102,112 ","25,545 ","25,550 ","25,573 ","25,444 ","105,975 ","28,215 ","24,343 ","26,525 ","26,892 ","108,513 ","27,792 ","26,385 ","27,247 ","27,089 ","112,889 ","28,744 ","27,245 ","28,704 ","28,196 ","119,998 ","31,047 ","29,064 ","30,631 ","29,256 ","125,303 ","32,349 ","30,935 ","31,613 ","30,406 ","126,945 ","32,846 ","31,000 ","31,747 ","31,352 ","128,828 ","33,522 ","31,771 ","31,830 ","31,705 ","135,807 ","34,869 ","33,539 ","33,876 ","33,523 ","140,780 ","36,109 ","34,634 ","35,323 ","34,714 ","143,516 ","37,008 ","35,047 ","36,037 ","35,424 ","148,080 ","38,333 ","35,953 ","36,863 ","36,931 ","150,228 ","39,004 ","36,432 ","37,461 ","37,331 ","150,653 ","39,004 ","36,532 ","37,379 ","37,738 ","149,033 ","38,580 ","36,052 ","37,339 ","37,062 ","150,903 ","38,958 ","36,525 ","37,392 ","38,028 ","152,502 ","39,139 ","36,736 ","38,164 ","38,463 ","157,420 ","41,741 ","37,676 ","38,482 ","39,521 ","147,322 ","38,237 ","30,654 ","37,768 ","40,663 ","118,620 ","38,186 ","26,937 ","21,472 ","32,025 ","155,023 ","37,948 ","36,447 ","37,926 ","42,702 ","194,499 ","46,699 ","50,556 ","48,701 ","48,543 ","202,356 ","48,949 ","51,166 ","50,081 ","52,160 ","226,810 ","51,941 ","56,392 ","59,101 ","59,376 "
S 其他服務業,"75,820 ","17,528 ","18,756 ","19,271 ","20,265 ","84,884 ","19,731 ","21,065 ","21,753 ","22,335 ","92,148 ","21,170 ","23,195 ","23,668 ","24,115 ","98,372 ","23,089 ","24,370 ","25,286 ","25,627 ","107,175 ","25,058 ","25,779 ","27,818 ","28,520 ","119,051 ","27,420 ","27,775 ","28,905 ","34,951 ","128,502 ","30,644 ","31,203 ","32,590 ","34,065 ","137,242 ","32,960 ","33,788 ","34,712 ","35,782 ","153,381 ","36,352 ","37,507 ","38,044 ","41,478 ","159,769 ","40,169 ","38,672 ","40,631 ","40,297 ","172,912 ","42,169 ","42,250 ","43,270 ","45,223 ","170,212 ","41,815 ","42,038 ","43,101 ","43,258 ","177,523 ","43,686 ","43,741 ","44,958 ","45,138 ","202,401 ","52,181 ","46,053 ","52,413 ","51,754 ","203,542 ","49,575 ","48,562 ","51,085 ","54,320 ","232,146 ","63,149 ","54,428 ","58,285 ","56,284 ","237,854 ","58,313 ","57,206 ","60,884 ","61,451 ","265,619 ","68,157 ","66,814 ","64,094 ","66,554 ","267,727 ","66,368 ","65,758 ","69,004 ","66,597 ","288,695 ","73,561 ","69,676 ","73,755 ","71,703 ","305,956 ","75,574 ","74,224 ","76,486 ","79,672 ","327,027 ","83,424 ","78,801 ","81,654 ","83,148 ","333,308 ","84,127 ","81,488 ","84,232 ","83,461 ","340,295 ","85,325 ","82,884 ","86,392 ","85,694 ","361,227 ","90,379 ","86,895 ","91,700 ","92,253 ","376,809 ","93,079 ","93,078 ","95,206 ","95,446 ","392,001 ","98,495 ","95,607 ","99,114 ","98,785 ","399,392 ","103,588 ","96,119 ","97,996 ","101,689 ","402,731 ","101,333 ","96,056 ","98,737 ","106,605 ","420,325 ","104,706 ","100,144 ","103,539 ","111,936 ","429,475 ","107,687 ","102,506 ","107,110 ","112,172 ","437,431 ","109,886 ","104,798 ","110,241 ","112,506 ","443,379 ","110,712 ","105,323 ","111,318 ","116,026 ","462,844 ","113,443 ","107,280 ","116,406 ","125,715 ","460,106 ","114,003 ","107,892 ","115,208 ","123,003 ","456,601 ","116,540 ","108,416 ","113,620 ","118,025 ","450,191 ","113,360 ","106,553 ","113,227 ","117,051 ","455,308 ","111,133 ","104,510 ","114,654 ","125,011 ","447,720 ","113,495 ","103,926 ","112,158 ","118,141 ","425,190 ","106,554 ","96,777 ","109,588 ","112,271 ","389,032 ","99,725 ","91,127 ","97,129 ","101,051 ","416,818 ","101,637 ","93,263 ","105,815 ","116,103 ","422,276 ","102,024 ","99,104 ","106,541 ","114,607 ","435,390 ","107,420 ","101,418 ","110,838 ","115,714 ","443,121 ","109,955 ","104,248 ","112,703 ","116,215 "
合      計,"2,541,883 ","603,477 ","632,309 ","638,153 ","667,944 ","2,648,789 ","625,457 ","659,826 ","663,631 ","699,875 ","2,896,491 ","651,749 ","717,783 ","744,616 ","782,343 ","3,194,607 ","741,717 ","803,039 ","815,388 ","834,463 ","3,346,579 ","783,770 ","832,975 ","848,173 ","881,661 ","3,720,400 ","870,145 ","904,086 ","947,605 ","998,564 ","4,145,326 ","968,901 ","1,026,091 ","1,070,489 ","1,079,845 ","4,471,274 ","1,047,560 ","1,106,059 ","1,152,774 ","1,164,881 ","4,872,379 ","1,149,162 ","1,211,244 ","1,248,552 ","1,263,421 ","5,129,555 ","1,232,218 ","1,241,591 ","1,313,096 ","1,342,650 ","5,526,126 ","1,312,513 ","1,342,465 ","1,418,747 ","1,452,401 ","5,929,244 ","1,425,156 ","1,454,440 ","1,507,842 ","1,541,806 ","6,358,608 ","1,522,573 ","1,559,196 ","1,612,138 ","1,664,701 ","6,853,680 ","1,615,267 ","1,682,968 ","1,741,448 ","1,813,997 ","7,306,370 ","1,744,973 ","1,793,954 ","1,857,531 ","1,909,912 ","7,781,830 ","1,841,241 ","1,911,500 ","1,981,404 ","2,047,685 ","8,269,744 ","1,944,858 ","2,029,091 ","2,103,155 ","2,192,640 ","8,580,388 ","2,037,671 ","2,115,455 ","2,186,554 ","2,240,708 ","9,177,199 ","2,160,180 ","2,288,043 ","2,325,050 ","2,403,926 ","9,763,581 ","2,299,131 ","2,416,157 ","2,491,938 ","2,556,355 ","9,614,606 ","2,327,701 ","2,350,882 ","2,383,874 ","2,552,149 ","10,118,394 ","2,361,765 ","2,511,376 ","2,545,992 ","2,699,261 ","10,609,573 ","2,484,589 ","2,504,779 ","2,695,829 ","2,924,376 ","11,313,454 ","2,662,969 ","2,757,722 ","2,876,242 ","3,016,521 ","11,909,624 ","2,740,242 ","2,888,201 ","3,035,311 ","3,245,870 ","12,590,788 ","2,916,645 ","3,066,276 ","3,226,301 ","3,381,566 ","13,503,561 ","3,092,596 ","3,295,137 ","3,494,900 ","3,620,928 ","13,583,018 ","3,319,759 ","3,424,367 ","3,443,291 ","3,395,601 ","13,381,313 ","3,062,818 ","3,253,331 ","3,407,649 ","3,657,515 ","14,808,818 ","3,443,048 ","3,654,849 ","3,779,831 ","3,931,090 ","15,424,221 ","3,741,867 ","3,807,024 ","3,906,463 ","3,968,867 ","15,801,130 ","3,807,024 ","3,902,321 ","4,012,516 ","4,079,269 ","16,173,352 ","3,879,534 ","3,983,454 ","4,097,982 ","4,212,382 ","17,011,453 ","4,040,640 ","4,205,948 ","4,336,990 ","4,427,875 ","17,178,725 ","4,177,509 ","4,266,616 ","4,321,637 ","4,412,963 ","17,511,565 ","4,169,371 ","4,306,716 ","4,450,844 ","4,584,634 ","18,191,929 ","4,346,195 ","4,417,654 ","4,651,679 ","4,776,401 ","18,693,215 ","4,476,729 ","4,578,786 ","4,765,928 ","4,871,772 ","19,166,769 ","4,534,967 ","4,689,299 ","4,915,809 ","5,026,694 ","19,781,147 ","4,662,105 ","4,712,707 ","5,121,747 ","5,284,588 ","21,145,921 ","5,097,774 ","5,132,217 ","5,352,665 ","5,563,265 ","21,709,971 ","5,347,534 ","5,321,077 ","5,535,354 ","5,506,006 ","21,770,194 ","5,167,678 ","5,328,489 ","5,579,284 ","5,694,743 ","23,147,039 ","5,513,335 ","5,693,251 ","5,916,161 ","6,024,292 ","25,036,031 ","5,795,797 ","6,154,329 ","6,342,918 ","6,742,987 "
進口稅,"19,280 ","4,636 ","5,253 ","5,053 ","4,338 ","18,232 ","4,191 ","4,828 ","4,830 ","4,383 ","19,983 ","4,114 ","5,098 ","5,389 ","5,382 ","22,304 ","4,737 ","5,903 ","6,232 ","5,432 ","20,932 ","4,849 ","5,572 ","5,400 ","5,111 ","27,010 ","5,516 ","7,023 ","7,409 ","7,062 ","33,627 ","6,954 ","9,278 ","9,096 ","8,299 ","38,375 ","8,786 ","9,161 ","10,575 ","9,853 ","43,388 ","9,301 ","11,533 ","12,133 ","10,421 ","45,312 ","10,521 ","12,235 ","11,720 ","10,836 ","52,231 ","11,316 ","13,687 ","14,593 ","12,635 ","61,123 ","13,439 ","15,987 ","16,370 ","15,327 ","66,218 ","15,309 ","17,677 ","17,233 ","15,999 ","67,401 ","15,383 ","17,279 ","17,705 ","17,034 ","74,231 ","16,390 ","19,972 ","20,201 ","17,668 ","76,672 ","17,345 ","20,576 ","20,084 ","18,667 ","83,351 ","18,283 ","21,724 ","21,951 ","21,393 ","88,276 ","20,199 ","23,089 ","22,887 ","22,101 ","96,684 ","21,030 ","25,067 ","25,180 ","25,407 ","111,854 ","23,656 ","29,868 ","31,130 ","27,200 ","92,963 ","22,265 ","25,118 ","23,007 ","22,573 ","100,119 ","20,417 ","26,730 ","27,764 ","25,208 ","107,852 ","22,845 ","27,140 ","28,459 ","29,408 ","126,494 ","27,471 ","32,909 ","32,859 ","33,255 ","131,084 ","28,391 ","33,797 ","33,817 ","35,079 ","134,537 ","29,860 ","34,428 ","35,728 ","34,521 ","136,577 ","28,862 ","34,842 ","36,904 ","35,969 ","130,630 ","30,692 ","35,571 ","36,595 ","27,772 ","114,053 ","22,776 ","28,476 ","31,389 ","31,412 ","147,970 ","35,277 ","38,086 ","38,117 ","36,490 ","145,875 ","36,932 ","38,390 ","35,840 ","34,713 ","143,213 ","33,720 ","37,310 ","36,500 ","35,683 ","149,719 ","36,748 ","38,185 ","36,979 ","37,807 ","158,241 ","37,496 ","39,792 ","40,343 ","40,610 ","160,169 ","38,679 ","40,228 ","40,229 ","41,033 ","163,231 ","37,181 ","40,310 ","41,652 ","44,088 ","170,924 ","40,801 ","42,430 ","43,727 ","43,966 ","176,382 ","42,373 ","42,688 ","45,736 ","45,585 ","184,442 ","42,962 ","44,770 ","46,858 ","49,852 ","196,767 ","45,998 ","48,550 ","49,130 ","53,089 ","224,580 ","52,343 ","54,759 ","58,532 ","58,946 ","230,010 ","56,588 ","58,949 ","57,843 ","56,630 ","205,777 ","50,482 ","50,575 ","51,640 ","53,080 ","237,057 ","54,344 ","58,277 ","60,735 ","63,701 ","297,273 ","64,881 ","75,742 ","76,835 ","79,815 "
加值型營業稅,－,－,－,－,－,－,－,－,－,－,－,－,－,－,－,－,－,－,－,－,－,－,－,－,－,"60,905 ",－,"19,105 ","19,286 ","22,514 ","87,969 ","20,218 ","21,570 ","22,500 ","23,681 ","98,360 ","21,644 ","25,508 ","23,911 ","27,297 ","113,976 ","25,383 ","28,741 ","27,790 ","32,062 ","125,396 ","29,192 ","31,694 ","29,892 ","34,618 ","142,930 ","31,501 ","37,235 ","35,178 ","39,016 ","166,168 ","36,803 ","42,600 ","40,890 ","45,875 ","189,267 ","41,652 ","48,629 ","47,832 ","51,154 ","199,791 ","47,104 ","52,268 ","47,347 ","53,072 ","195,843 ","47,904 ","51,033 ","47,456 ","49,450 ","193,626 ","46,475 ","49,173 ","46,894 ","51,084 ","203,311 ","47,117 ","51,254 ","49,310 ","55,630 ","206,777 ","50,171 ","51,120 ","53,444 ","52,042 ","210,115 ","51,057 ","55,027 ","51,233 ","52,798 ","212,933 ","53,648 ","51,792 ","51,767 ","55,726 ","199,946 ","49,191 ","47,620 ","49,636 ","53,499 ","216,986 ","51,735 ","53,266 ","54,425 ","57,560 ","225,546 ","53,563 ","48,546 ","57,649 ","65,788 ","251,426 ","62,279 ","61,660 ","61,285 ","66,202 ","252,630 ","59,623 ","59,144 ","64,633 ","69,230 ","248,328 ","60,051 ","59,357 ","63,932 ","64,988 ","251,490 ","56,965 ","59,033 ","66,263 ","69,229 ","240,577 ","59,410 ","62,278 ","58,338 ","60,551 ","226,122 ","48,434 ","51,844 ","56,487 ","69,357 ","269,579 ","60,586 ","64,753 ","68,619 ","75,621 ","279,939 ","65,933 ","66,905 ","68,602 ","78,499 ","271,594 ","64,142 ","68,188 ","65,122 ","74,142 ","291,110 ","66,253 ","68,980 ","72,306 ","83,571 ","306,975 ","68,825 ","72,602 ","78,999 ","86,549 ","303,241 ","71,590 ","66,870 ","79,260 ","85,521 ","321,328 ","73,738 ","73,649 ","82,726 ","91,215 ","328,079 ","75,403 ","76,545 ","83,891 ","92,240 ","333,894 ","77,206 ","78,995 ","84,665 ","93,028 ","341,644 ","78,008 ","79,565 ","87,025 ","97,046 ","356,610 ","82,196 ","81,911 ","91,753 ","100,750 ","402,790 ","98,047 ","94,656 ","98,876 ","111,211 ","427,042 ","101,892 ","100,581 ","106,614 ","117,955 ","443,342 ","104,806 ","104,547 ","110,746 ","123,243 ","472,725 ","112,653 ","113,575 ","117,150 ","129,347 ","446,096 ","107,235 ","108,456 ","112,095 ","118,310 "
GDP (生產面),"2,590,973 ","615,465 ","647,116 ","651,684 ","676,708 ","2,689,385 ","634,395 ","671,565 ","675,290 ","708,135 ","2,941,135 ","659,696 ","729,647 ","757,475 ","794,317 ","3,245,353 ","750,985 ","817,483 ","831,410 ","845,475 ","3,386,278 ","792,773 ","844,858 ","858,760 ","889,887 ","3,784,071 ","880,851 ","921,958 ","966,588 ","1,014,674 ","4,246,744 ","988,395 ","1,055,207 ","1,098,316 ","1,104,826 ","4,591,421 ","1,073,863 ","1,135,381 ","1,185,297 ","1,196,880 ","5,014,171 ","1,178,078 ","1,249,517 ","1,287,500 ","1,299,076 ","5,281,722 ","1,266,795 ","1,283,846 ","1,350,767 ","1,380,314 ","5,706,217 ","1,350,174 ","1,391,107 ","1,467,345 ","1,497,591 ","6,145,172 ","1,471,477 ","1,511,336 ","1,563,806 ","1,598,553 ","6,600,414 ","1,576,266 ","1,623,806 ","1,674,436 ","1,725,906 ","7,101,326 ","1,672,415 ","1,748,035 ","1,803,160 ","1,877,716 ","7,562,815 ","1,803,776 ","1,863,585 ","1,924,202 ","1,971,252 ","8,037,377 ","1,900,348 ","1,979,683 ","2,045,882 ","2,111,464 ","8,543,012 ","2,005,973 ","2,099,742 ","2,172,203 ","2,265,094 ","8,863,941 ","2,104,435 ","2,187,935 ","2,260,135 ","2,311,436 ","9,475,577 ","2,228,818 ","2,366,083 ","2,400,209 ","2,480,467 ","10,085,080 ","2,373,900 ","2,498,046 ","2,575,530 ","2,637,604 ","9,901,293 ","2,397,440 ","2,422,994 ","2,454,951 ","2,625,908 ","10,428,339 ","2,431,299 ","2,590,179 ","2,627,063 ","2,779,798 ","10,936,497 ","2,558,770 ","2,580,148 ","2,780,489 ","3,017,090 ","11,684,809 ","2,750,223 ","2,851,019 ","2,969,289 ","3,114,278 ","12,288,234 ","2,826,857 ","2,980,223 ","3,132,423 ","3,348,731 ","12,970,492 ","3,005,428 ","3,159,522 ","3,325,176 ","3,480,366 ","13,889,513 ","3,177,908 ","3,388,807 ","3,597,457 ","3,725,341 ","13,952,498 ","3,409,318 ","3,521,840 ","3,538,189 ","3,483,151 ","13,718,536 ","3,133,075 ","3,333,032 ","3,495,001 ","3,757,428 ","15,225,030 ","3,538,730 ","3,757,555 ","3,886,266 ","4,042,479 ","15,847,684 ","3,844,330 ","3,912,003 ","4,010,169 ","4,081,182 ","16,211,297 ","3,903,517 ","4,007,192 ","4,112,805 ","4,187,783 ","16,611,056 ","3,981,724 ","4,089,956 ","4,206,157 ","4,333,219 ","17,473,574 ","4,145,995 ","4,317,538 ","4,455,582 ","4,554,459 ","17,638,797 ","4,286,811 ","4,372,615 ","4,440,402 ","4,538,969 ","17,992,634 ","4,279,052 ","4,419,892 ","4,574,370 ","4,719,320 ","18,687,748 ","4,461,679 ","4,536,143 ","4,778,488 ","4,911,438 ","19,200,322 ","4,595,558 ","4,699,599 ","4,895,641 ","5,009,524 ","19,690,316 ","4,655,117 ","4,812,826 ","5,048,933 ","5,173,440 ","20,333,226 ","4,789,861 ","4,843,065 ","5,261,938 ","5,438,362 ","21,773,291 ","5,248,009 ","5,281,637 ","5,510,206 ","5,733,439 ","22,367,023 ","5,506,014 ","5,480,607 ","5,699,811 ","5,680,591 ","22,419,022 ","5,322,923 ","5,483,493 ","5,741,537 ","5,871,069 ","23,860,792 ","5,680,786 ","5,866,018 ","6,095,021 ","6,218,967 ","25,786,997 ","5,969,355 ","6,340,608 ","6,533,894 ","6,943,140 "
統計差異,"-22,718 ","-4,251 ","-5,308 ","-7,622 ","-5,537 ","2,426 ","4,461 ","3,603 ",-854 ,"-4,784 ","-6,415 ","6,453 ","2,143 ","-6,886 ","-8,125 ","-15,700 ","-5,650 ",-245 ,"-7,613 ","-2,192 ","-1,338 ","-5,171 ","7,036 ","-5,554 ","2,351 ","-9,431 ","-13,096 ","11,313 ","-8,227 ",579 ,"9,215 ","-6,828 ","11,090 ","-9,477 ","14,430 ","6,048 ","-6,803 ","7,612 ","-10,430 ","15,669 ","-15,696 ","-14,004 ","-1,201 ","-10,211 ","9,720 ","-6,264 ","-16,309 ","15,006 ","-20,289 ","15,328 ","10,902 ","-11,865 ","19,956 ","-14,357 ","17,168 ","47,081 ","7,745 ","19,813 ","4,581 ","14,942 ","13,821 ","3,106 ","15,911 ","-2,821 ","-2,375 ","9,247 ","1,555 ","17,968 ","-14,614 ","4,338 ","9,872 ","-3,600 ","16,712 ","-11,045 ","7,805 ","3,044 ","3,718 ","8,727 ","-14,107 ","4,706 ","-16,031 ","6,404 ","-1,361 ","-14,816 ","-6,258 ","21,583 ","3,108 ",59 ,-354 ,"18,770 ","8,119 ","10,631 ","-19,631 ","-8,051 ","25,170 ","-2,558 ",383 ,"-4,475 ","-11,395 ","12,929 ","39,886 ","11,336 ","6,944 ","4,975 ","16,631 ","57,982 ","21,393 ","3,811 ","5,668 ","27,110 ","-7,177 ","20,801 ","-16,006 ","-5,448 ","-6,524 ","4,309 ","8,133 ","-9,980 ","1,468 ","4,688 ","30,135 ","35,212 ","-2,208 ","-11,133 ","8,264 ","58,700 ","29,879 ","-13,533 ","20,464 ","21,890 ","32,190 ","28,627 ","-18,696 ","14,986 ","7,273 ","80,402 ","42,744 ","38,860 ","23,976 ","-25,178 ","87,923 ","47,246 ","16,801 ","26,694 ","-2,818 ","-4,059 ","8,823 ","-5,028 ","41,960 ","-49,814 ","-67,634 ","-58,419 ","-3,392 ","47,002 ","-52,825 ","-80,787 ","-76,360 ","-58,010 ","32,738 ","20,845 ","-80,008 ","-97,297 ","-35,106 ","20,205 ","32,190 ","-162,469 ","-79,460 ","-63,037 ","-21,939 ","1,967 ","-74,051 ","-25,374 ","-37,542 ","-19,336 ","8,201 ","-47,610 ","-21,334 ","-11,520 ","-20,673 ","5,917 ","-85,630 ","-45,487 ","-4,940 ","-43,753 ","8,550 ","-57,722 ","-28,029 ","-12,896 ","-41,812 ","25,015 ","37,149 ","7,377 ","12,771 ","-29,427 ","46,428 ","68,971 ","22,174 ","9,210 ","-29,866 ","67,453 ",0 ,"26,754 ","-27,609 ","-52,233 ","53,088 ","-9,439 ","-28,275 ","-41,998 ","-20,218 ","81,052 ","181,134 ","-41,515 ","32,417 ","26,705 ","163,527 ","-70,266 ","-21,235 ","-55,867 ","-58,149 ","64,985 ","67,638 ","3,522 ","-82,767 ","11,076 ","135,807 "
GDP,"2,568,255 ","611,214 ","641,808 ","644,062 ","671,171 ","2,691,811 ","638,856 ","675,168 ","674,436 ","703,351 ","2,934,720 ","666,149 ","731,790 ","750,589 ","786,192 ","3,229,653 ","745,335 ","817,238 ","823,797 ","843,283 ","3,384,940 ","787,602 ","851,894 ","853,206 ","892,238 ","3,774,640 ","867,755 ","933,271 ","958,361 ","1,015,253 ","4,255,959 ","981,567 ","1,066,297 ","1,088,839 ","1,119,256 ","4,597,469 ","1,067,060 ","1,142,993 ","1,174,867 ","1,212,549 ","4,998,475 ","1,164,074 ","1,248,316 ","1,277,289 ","1,308,796 ","5,275,458 ","1,250,486 ","1,298,852 ","1,330,478 ","1,395,642 ","5,717,119 ","1,338,309 ","1,411,063 ","1,452,988 ","1,514,759 ","6,192,253 ","1,479,222 ","1,531,149 ","1,568,387 ","1,613,495 ","6,614,235 ","1,579,372 ","1,639,717 ","1,671,615 ","1,723,531 ","7,110,573 ","1,673,970 ","1,766,003 ","1,788,546 ","1,882,054 ","7,572,687 ","1,800,176 ","1,880,297 ","1,913,157 ","1,979,057 ","8,040,421 ","1,904,066 ","1,988,410 ","2,031,775 ","2,116,170 ","8,526,981 ","2,012,377 ","2,098,381 ","2,157,387 ","2,258,836 ","8,885,524 ","2,107,543 ","2,187,994 ","2,259,781 ","2,330,206 ","9,483,696 ","2,239,449 ","2,346,452 ","2,392,158 ","2,505,637 ","10,082,522 ","2,374,283 ","2,493,571 ","2,564,135 ","2,650,533 ","9,941,179 ","2,408,776 ","2,429,938 ","2,459,926 ","2,642,539 ","10,486,321 ","2,452,692 ","2,593,990 ","2,632,731 ","2,806,908 ","10,929,320 ","2,579,571 ","2,564,142 ","2,775,041 ","3,010,566 ","11,689,118 ","2,758,356 ","2,841,039 ","2,970,757 ","3,118,966 ","12,318,369 ","2,862,069 ","2,978,015 ","3,121,290 ","3,356,995 ","13,029,192 ","3,035,307 ","3,145,989 ","3,345,640 ","3,502,256 ","13,921,703 ","3,206,535 ","3,370,111 ","3,612,443 ","3,732,614 ","14,032,900 ","3,452,062 ","3,560,700 ","3,562,165 ","3,457,973 ","13,806,459 ","3,180,321 ","3,349,833 ","3,521,695 ","3,754,610 ","15,220,971 ","3,547,553 ","3,752,527 ","3,928,226 ","3,992,665 ","15,780,050 ","3,785,911 ","3,908,611 ","4,057,171 ","4,028,357 ","16,130,510 ","3,827,157 ","3,949,182 ","4,145,543 ","4,208,628 ","16,531,048 ","3,884,427 ","4,054,850 ","4,226,362 ","4,365,409 ","17,311,105 ","4,066,535 ","4,254,501 ","4,433,643 ","4,556,426 ","17,564,746 ","4,261,437 ","4,335,073 ","4,421,066 ","4,547,170 ","17,945,024 ","4,257,718 ","4,408,372 ","4,553,697 ","4,725,237 ","18,602,118 ","4,416,192 ","4,531,203 ","4,734,735 ","4,919,988 ","19,142,600 ","4,567,529 ","4,686,703 ","4,853,829 ","5,034,539 ","19,727,465 ","4,662,494 ","4,825,597 ","5,019,506 ","5,219,868 ","20,402,197 ","4,812,035 ","4,852,275 ","5,232,072 ","5,505,815 ","21,773,291 ","5,274,763 ","5,254,028 ","5,457,973 ","5,786,527 ","22,357,584 ","5,477,739 ","5,438,609 ","5,679,593 ","5,761,643 ","22,600,156 ","5,281,408 ","5,515,910 ","5,768,242 ","6,034,596 ","23,790,526 ","5,659,551 ","5,810,151 ","6,036,872 ","6,283,952 ","25,854,635 ","5,972,877 ","6,257,841 ","6,544,970 ","7,078,947 "
補充項目：,,,,,,,,,,,,,,,,,,,,,,,,,,,,,,,,,,,,,,,,,,,,,,,,,,,,,,,,,,,,,,,,,,,,,,,,,,,,,,,,,,,,,,,,,,,,,,,,,,,,,,,,,,,,,,,,,,,,,,,,,,,,,,,,,,,,,,,,,,,,,,,,,,,,,,,,,,,,,,,,,,,,,,,,,,,,,,,,,,,,,,,,,,,,,,,,,,,,,,,,,,,,,,,,,,,,,,,,,,,,,,,,,
農      業,"275,803 ","60,248 ","75,860 ","57,687 ","82,008 ","283,959 ","63,006 ","78,957 ","57,235 ","84,761 ","292,908 ","62,681 ","81,293 ","60,065 ","88,869 ","301,066 ","64,629 ","82,975 ","62,509 ","90,953 ","304,990 ","66,015 ","82,963 ","62,680 ","93,332 ","310,631 ","70,881 ","85,549 ","63,304 ","90,897 ","332,729 ","74,546 ","91,303 ","70,956 ","95,924 ","339,054 ","76,411 ","92,535 ","74,122 ","95,986 ","336,524 ","79,262 ","92,328 ","71,801 ","93,133 ","339,659 ","78,726 ","88,564 ","75,821 ","96,548 ","345,872 ","75,949 ","92,819 ","76,069 ","101,035 ","337,513 ","76,625 ","90,247 ","73,071 ","97,570 ","353,352 ","81,750 ","92,488 ","74,707 ","104,407 ","336,665 ","78,610 ","89,549 ","71,652 ","96,854 ","349,611 ","80,591 ","91,891 ","78,164 ","98,965 ","344,853 ","81,996 ","91,785 ","72,712 ","98,360 ","338,973 ","80,137 ","88,935 ","70,800 ","99,101 ","313,355 ","69,825 ","82,382 ","67,280 ","93,868 ","324,062 ","74,358 ","88,296 ","69,675 ","91,733 ","331,000 ","72,773 ","90,091 ","73,723 ","94,413 ","317,283 ","75,411 ","87,094 ","66,351 ","88,427 ","340,699 ","77,638 ","92,534 ","72,161 ","98,366 ","335,683 ","76,899 ","89,054 ","70,787 ","98,943 ","317,763 ","72,786 ","81,259 ","66,964 ","96,754 ","304,369 ","73,654 ","77,208 ","65,905 ","87,602 ","339,943 ","77,033 ","86,412 ","75,741 ","100,757 ","339,374 ","77,317 ","93,527 ","77,786 ","90,744 ","339,838 ","76,384 ","92,109 ","75,396 ","95,949 ","330,338 ","73,036 ","88,855 ","72,193 ","96,254 ","337,375 ","75,459 ","87,841 ","80,126 ","93,949 ","352,847 ","79,711 ","91,942 ","81,616 ","99,578 ","341,535 ","75,939 ","89,568 ","82,298 ","93,730 ","346,958 ","73,649 ","95,262 ","79,348 ","98,699 ","354,051 ","77,628 ","95,543 ","76,788 ","104,092 ","326,712 ","75,226 ","88,734 ","72,365 ","90,387 ","295,177 ","68,018 ","77,989 ","63,311 ","85,859 ","320,422 ","71,768 ","89,060 ","71,809 ","87,785 ","335,677 ","75,411 ","97,584 ","75,802 ","86,880 ","333,453 ","74,111 ","94,147 ","76,152 ","89,043 ","329,380 ","69,228 ","98,889 ","78,581 ","82,682 ","315,742 ","67,547 ","94,703 ","75,079 ","78,413 ","302,351 ","66,737 ","91,074 ","71,132 ","73,408 ","299,756 ","64,148 ","94,494 ","71,368 ","69,746 ","296,770 ","66,620 ","89,094 ","67,968 ","73,088 ","291,619 ","64,089 ","89,983 ","67,050 ","70,497 "
工      業,"795,972 ","189,072 ","194,773 ","207,060 ","205,067 ","815,145 ","191,322 ","201,762 ","210,690 ","211,371 ","916,573 ","200,720 ","224,492 ","246,646 ","244,715 ","1,027,155 ","236,402 ","258,806 ","272,704 ","259,243 ","1,039,810 ","241,677 ","259,698 ","270,497 ","267,938 ","1,195,302 ","272,194 ","284,682 ","316,559 ","321,867 ","1,326,415 ","304,179 ","329,064 ","354,525 ","338,647 ","1,385,809 ","320,593 ","336,876 ","369,201 ","359,139 ","1,461,201 ","345,127 ","363,831 ","382,455 ","369,788 ","1,460,693 ","338,446 ","350,120 ","385,659 ","386,468 ","1,553,088 ","356,731 ","370,701 ","412,028 ","413,628 ","1,645,819 ","381,511 ","404,551 ","426,805 ","432,952 ","1,733,097 ","396,948 ","424,971 ","455,058 ","456,120 ","1,848,672 ","406,220 ","458,610 ","480,392 ","503,450 ","1,948,440 ","441,165 ","484,044 ","511,685 ","511,546 ","2,042,355 ","448,899 ","500,169 ","537,124 ","556,163 ","2,164,009 ","464,432 ","526,404 ","571,758 ","601,415 ","2,212,107 ","485,165 ","544,539 ","591,123 ","591,280 ","2,357,505 ","509,595 ","586,128 ","620,359 ","641,423 ","2,518,300 ","537,948 ","618,303 ","686,916 ","675,133 ","2,340,115 ","530,186 ","565,230 ","593,969 ","650,730 ","2,585,681 ","550,271 ","638,829 ","684,018 ","712,563 ","2,831,047 ","604,343 ","655,739 ","739,344 ","831,621 ","3,141,083 ","680,255 ","754,444 ","831,351 ","875,033 ","3,389,551 ","718,584 ","805,981 ","886,932 ","978,054 ","3,637,241 ","780,979 ","876,588 ","978,978 ","1,000,696 ","4,097,148 ","845,250 ","981,663 ","1,119,451 ","1,150,784 ","4,107,766 ","963,843 ","1,050,933 ","1,105,438 ","987,552 ","4,003,889 ","814,001 ","949,433 ","1,075,677 ","1,164,778 ","4,863,927 ","1,052,252 ","1,194,540 ","1,296,412 ","1,320,723 ","5,149,097 ","1,207,589 ","1,276,625 ","1,338,308 ","1,326,575 ","5,387,862 ","1,244,787 ","1,334,061 ","1,417,230 ","1,391,784 ","5,551,298 ","1,273,301 ","1,364,434 ","1,470,857 ","1,442,706 ","6,066,023 ","1,361,941 ","1,499,817 ","1,618,196 ","1,586,069 ","6,120,839 ","1,455,167 ","1,526,862 ","1,597,626 ","1,541,184 ","6,349,581 ","1,440,287 ","1,551,844 ","1,694,095 ","1,663,355 ","6,754,638 ","1,556,679 ","1,612,489 ","1,811,526 ","1,773,944 ","6,992,211 ","1,610,567 ","1,696,822 ","1,867,171 ","1,817,651 ","7,148,664 ","1,610,173 ","1,740,709 ","1,927,253 ","1,870,529 ","7,731,128 ","1,741,598 ","1,831,557 ","2,078,922 ","2,079,051 ","8,879,126 ","2,052,072 ","2,165,265 ","2,365,062 ","2,296,727 ","9,079,577 ","2,212,748 ","2,252,769 ","2,416,600 ","2,197,460 ","8,470,841 ","1,967,197 ","2,063,743 ","2,274,603 ","2,165,298 ","9,301,908 ","2,123,010 ","2,290,322 ","2,499,428 ","2,389,148 ","10,688,974 ","2,324,138 ","2,650,093 ","2,795,591 ","2,919,152 "
服  務  業,"1,520,703 ","365,612 ","380,918 ","380,438 ","393,735 ","1,599,345 ","382,216 ","395,752 ","402,962 ","418,415 ","1,721,514 ","397,128 ","424,453 ","438,743 ","461,190 ","1,892,147 ","444,445 ","470,246 ","481,286 ","496,170 ","2,036,473 ","484,136 ","502,063 ","516,665 ","533,609 ","2,239,973 ","533,207 ","549,730 ","564,647 ","592,389 ","2,553,252 ","604,613 ","628,435 ","652,021 ","668,183 ","2,862,231 ","677,980 ","710,986 ","729,578 ","743,687 ","3,242,647 ","758,578 ","801,744 ","831,922 ","850,403 ","3,557,600 ","875,198 ","867,857 ","899,159 ","915,386 ","3,901,164 ","945,513 ","958,108 ","991,397 ","1,006,146 ","4,271,406 ","1,047,073 ","1,045,719 ","1,082,605 ","1,096,009 ","4,651,131 ","1,140,334 ","1,142,427 ","1,165,844 ","1,202,526 ","5,063,127 ","1,240,092 ","1,235,482 ","1,278,420 ","1,309,133 ","5,430,830 ","1,333,851 ","1,327,513 ","1,365,981 ","1,403,485 ","5,835,539 ","1,429,890 ","1,436,043 ","1,472,082 ","1,497,524 ","6,234,886 ","1,527,966 ","1,535,994 ","1,565,972 ","1,604,954 ","6,543,733 ","1,614,793 ","1,613,907 ","1,637,960 ","1,677,073 ","7,014,006 ","1,716,465 ","1,749,566 ","1,752,351 ","1,795,624 ","7,463,471 ","1,837,107 ","1,849,866 ","1,853,707 ","1,922,791 ","7,513,596 ","1,870,085 ","1,842,443 ","1,852,481 ","1,948,587 ","7,747,097 ","1,877,813 ","1,923,628 ","1,916,741 ","2,028,915 ","7,975,397 ","1,945,895 ","1,892,107 ","2,009,887 ","2,127,508 ","8,390,643 ","2,054,874 ","2,060,965 ","2,096,300 ","2,178,504 ","8,731,352 ","2,085,889 ","2,136,279 ","2,203,654 ","2,305,530 ","9,129,819 ","2,192,663 ","2,232,980 ","2,291,492 ","2,412,684 ","9,549,875 ","2,295,813 ","2,344,712 ","2,410,022 ","2,499,328 ","9,602,999 ","2,396,495 ","2,403,843 ","2,368,727 ","2,433,934 ","9,481,851 ","2,274,328 ","2,322,969 ","2,364,105 ","2,520,449 ","10,084,071 ","2,431,651 ","2,491,885 ","2,518,277 ","2,642,258 ","10,403,378 ","2,572,188 ","2,558,553 ","2,600,550 ","2,672,087 ","10,536,105 ","2,594,664 ","2,598,086 ","2,625,870 ","2,717,485 ","10,768,567 ","2,644,677 ","2,645,902 ","2,670,128 ","2,807,860 ","11,107,263 ","2,719,168 ","2,736,794 ","2,771,085 ","2,880,216 ","11,243,438 ","2,770,135 ","2,770,118 ","2,780,518 ","2,922,667 ","11,392,116 ","2,786,519 ","2,801,665 ","2,821,854 ","2,982,078 ","11,643,495 ","2,845,874 ","2,842,252 ","2,898,087 ","3,057,282 ","11,900,725 ","2,920,146 ","2,911,524 ","2,956,263 ","3,112,792 ","12,237,796 ","2,980,377 ","2,985,574 ","3,049,932 ","3,221,913 ","12,297,637 ","2,986,324 ","2,918,490 ","3,109,656 ","3,283,167 ","12,578,423 ","3,132,361 ","3,021,084 ","3,064,810 ","3,360,168 ","12,985,095 ","3,226,529 ","3,136,764 ","3,212,079 ","3,409,723 ","13,622,091 ","3,283,667 ","3,317,907 ","3,393,379 ","3,627,138 ","14,227,419 ","3,486,660 ","3,475,590 ","3,515,634 ","3,749,535 ","14,734,866 ","3,574,683 ","3,577,884 ","3,649,034 ","3,933,265 "