西元年,月,日,峰値負載_MW,備轉容量_MW,備轉容量率_pct
2018,1,1,2363.8,207.0,8.76
2018,1,2,2781.6,172.0,6.18
2018,1,3,2825.3,187.9,6.65
2018,1,4,2875.7,196.0,6.81
2018,1,5,2826.0,214.1,7.58
2018,1,6,2606.2,177.9,6.83
2018,1,7,2501.1,150.6,6.02
2018,1,8,2880.1,126.7,4.40
2018,1,9,2891.0,185.7,6.42
2018,1,10,2841.0,185.9,6.54
2018,1,11,2858.3,177.8,6.22
2018,1,12,2809.3,174.5,6.21
2018,1,13,2569.4,200.8,7.82
2018,1,14,2470.5,189.1,7.66
2018,1,15,2826.9,170.7,6.04
2018,1,16,2828.5,141.7,5.01
2018,1,17,2834.0,165.6,5.84
2018,1,18,2907.6,181.7,6.25
2018,1,19,2846.7,187.4,6.58
2018,1,20,2588.3,192.1,7.42
2018,1,21,2469.5,192.2,7.78
2018,1,22,2826.4,200.4,7.09
2018,1,23,2838.1,213.9,7.54
2018,1,24,2822.8,176.1,6.24
2018,1,25,2835.2,178.5,6.30
2018,1,26,2753.7,210.1,7.63
2018,1,27,2538.3,185.7,7.31
2018,1,28,2453.5,219.2,8.93
2018,1,29,2839.7,182.4,6.42
2018,1,30,2860.6,177.1,6.19
2018,1,31,2836.4,244.2,8.61
2018,2,1,2852.1,219.6,7.70
2018,2,2,2820.2,197.9,7.02
2018,2,3,2635.3,161.5,6.13
2018,2,4,2627.3,158.3,6.02
2018,2,5,2905.9,147.6,5.08
2018,2,6,2851.0,191.5,6.72
2018,2,7,2888.9,146.3,5.06
2018,2,8,2843.6,167.2,5.88
2018,2,9,2830.3,200.1,7.07
2018,2,10,2601.5,270.4,10.39
2018,2,11,2534.9,207.7,8.19
2018,2,12,2732.4,247.1,9.04
2018,2,13,2630.0,198.3,7.54
2018,2,14,2348.2,238.2,10.14
2018,2,15,2097.9,242.2,11.54
2018,2,16,2075.9,246.2,11.86
2018,2,17,2028.2,270.0,13.31
2018,2,18,2098.7,210.7,10.04
2018,2,19,2207.1,159.5,7.22
2018,2,20,2326.1,187.3,8.05
2018,2,21,2651.0,160.1,6.04
2018,2,22,2728.3,127.8,4.68
2018,2,23,2709.3,207.6,7.66
2018,2,24,2531.7,232.5,9.18
2018,2,25,2469.0,227.3,9.21
2018,2,26,2743.5,217.1,7.91
2018,2,27,2781.8,168.1,6.04
2018,2,28,2639.4,168.3,6.38
2018,3,1,2837.2,183.9,6.48
2018,3,2,2814.3,202.6,7.20
2018,3,3,2605.2,188.4,7.23
2018,3,4,2543.1,173.2,6.81
2018,3,5,2946.0,102.9,3.49
2018,3,6,2798.9,174.0,6.22
2018,3,7,2846.9,127.7,4.49
2018,3,8,2794.4,188.5,6.75
2018,3,9,2761.7,191.0,6.92
2018,3,10,2494.6,173.4,6.95
2018,3,11,2424.5,169.0,6.97
2018,3,12,2793.5,176.3,6.31
2018,3,13,2841.8,191.1,6.72
2018,3,14,2853.6,198.1,6.94
2018,3,15,2894.1,197.4,6.82
2018,3,16,2862.0,199.7,6.98
2018,3,17,2579.4,180.0,6.98
2018,3,18,2480.8,156.9,6.33
2018,3,19,2910.2,166.0,5.70
2018,3,20,2882.3,198.8,6.90
2018,3,21,2769.9,192.3,6.94
2018,3,22,2798.2,193.1,6.90
2018,3,23,2764.2,189.7,6.86
2018,3,24,2514.9,173.3,6.89
2018,3,25,2457.3,171.5,6.98
2018,3,26,2838.3,179.9,6.34
2018,3,27,2860.2,199.7,6.98
2018,3,28,2875.3,199.5,6.94
2018,3,29,2898.3,179.0,6.18
2018,3,30,2889.7,190.0,6.57
2018,3,31,2784.5,194.1,6.97
2018,4,1,2507.2,173.4,6.91
2018,4,2,2904.7,189.4,6.52
2018,4,3,2926.7,188.7,6.45
2018,4,4,2612.1,159.6,6.11
2018,4,5,2498.1,174.4,6.98
2018,4,6,2445.0,170.8,6.99
2018,4,7,2394.0,167.0,6.97
2018,4,8,2389.5,165.5,6.92
2018,4,9,2823.2,197.0,6.98
2018,4,10,2872.8,199.9,6.96
2018,4,11,3019.3,172.6,5.72
2018,4,12,3064.5,159.9,5.22
2018,4,13,3106.8,177.0,5.70
2018,4,14,2772.1,180.9,6.53
2018,4,15,2463.0,161.9,6.57
2018,4,16,2836.5,191.8,6.76
2018,4,17,2839.9,197.8,6.97
2018,4,18,2852.1,187.4,6.57
2018,4,19,2944.2,195.7,6.65
2018,4,20,2938.0,199.0,6.77
2018,4,21,2696.2,186.0,6.90
2018,4,22,2635.6,162.5,6.17
2018,4,23,3148.7,152.9,4.86
2018,4,24,3111.0,170.9,5.49
2018,4,25,2957.0,204.9,6.93
2018,4,26,2994.4,206.4,6.89
2018,4,27,3035.6,208.7,6.87
2018,4,28,2683.5,187.5,6.99
2018,4,29,2607.4,178.7,6.85
2018,4,30,3008.6,207.3,6.89
2018,5,1,2866.5,178.8,6.24
2018,5,2,3235.1,158.0,4.88
2018,5,3,3065.9,213.2,6.95
2018,5,4,3063.8,209.0,6.82
2018,5,5,2747.7,186.2,6.78
2018,5,6,2751.7,191.9,6.97
2018,5,7,3276.2,180.6,5.51
2018,5,8,3172.9,215.3,6.78
2018,5,9,3010.4,210.0,6.98
2018,5,10,3017.4,208.8,6.92
2018,5,11,3073.5,209.0,6.80
2018,5,12,2743.9,190.8,6.95
2018,5,13,2708.8,189.0,6.98
2018,5,14,3291.4,199.2,6.05
2018,5,15,3351.8,172.3,5.14
2018,5,16,3423.5,155.5,4.54
2018,5,17,3469.2,176.4,5.09
2018,5,18,3506.1,177.6,5.07
2018,5,19,3056.7,213.2,6.97
2018,5,20,2960.7,182.8,6.17
2018,5,21,3426.9,183.1,5.34
2018,5,22,3477.6,187.2,5.38
2018,5,23,3489.2,150.6,4.32
2018,5,24,3409.9,236.0,6.92
2018,5,25,3502.3,196.0,5.60
2018,5,26,3041.6,212.0,6.97
2018,5,27,3028.7,182.0,6.01
2018,5,28,3600.7,129.1,3.59
2018,5,29,3632.9,104.9,2.89
2018,5,30,3677.1,123.1,3.35
2018,5,31,3671.3,143.1,3.90
2018,6,1,3354.9,234.7,6.99
2018,6,2,2903.1,196.0,6.75
2018,6,3,2848.0,194.8,6.84
2018,6,4,3447.8,240.0,6.96
2018,6,5,3530.2,226.7,6.42
2018,6,6,3580.2,218.6,6.11
2018,6,7,3570.2,234.8,6.58
2018,6,8,3610.2,217.8,6.03
2018,6,9,3177.5,191.7,6.03
2018,6,10,2979.8,183.9,6.17
2018,6,11,3255.7,256.9,7.89
2018,6,12,3351.7,217.8,6.50
2018,6,13,3403.4,211.1,6.20
2018,6,14,3373.7,219.1,6.49
2018,6,15,3161.4,211.6,6.69
2018,6,16,2861.9,191.0,6.67
2018,6,17,2726.2,189.7,6.96
2018,6,18,2794.8,194.3,6.95
2018,6,19,3206.3,255.0,7.95
2018,6,20,3224.4,224.6,6.97
2018,6,21,3317.6,217.5,6.56
2018,6,22,3374.8,232.2,6.88
2018,6,23,3017.5,206.8,6.85
2018,6,24,2917.4,193.0,6.62
2018,6,25,3510.8,228.2,6.50
2018,6,26,3525.9,244.5,6.93
2018,6,27,3512.2,241.5,6.88
2018,6,28,3544.8,234.4,6.61
2018,6,29,3496.6,242.9,6.95
2018,6,30,3048.4,204.5,6.71
2018,7,1,2901.6,198.6,6.85
2018,7,2,3315.1,238.5,7.19
2018,7,3,3413.8,221.7,6.49
2018,7,4,3374.4,229.5,6.80
2018,7,5,3315.7,229.7,6.93
2018,7,6,3430.6,226.1,6.59
2018,7,7,3039.9,208.4,6.86
2018,7,8,2891.6,193.6,6.69
2018,7,9,3495.1,229.2,6.56
2018,7,10,3475.3,225.9,6.50
2018,7,11,3120.3,214.6,6.88
2018,7,12,3440.8,220.9,6.42
2018,7,13,3499.0,221.7,6.34
2018,7,14,3127.9,229.2,7.33
2018,7,15,2929.6,298.7,10.19
2018,7,16,3517.8,276.9,7.87
2018,7,17,3620.0,251.4,6.94
2018,7,18,3646.0,236.0,6.47
2018,7,19,3670.5,234.7,6.39
2018,7,20,3574.0,234.2,6.55
2018,7,21,3132.7,293.1,9.36
2018,7,22,2933.3,267.2,9.11
2018,7,23,3423.9,294.8,8.61
2018,7,24,3597.6,229.2,6.37
2018,7,25,3590.1,239.9,6.68
2018,7,26,3580.6,229.6,6.41
2018,7,27,3567.5,244.3,6.85
2018,7,28,3137.6,250.4,7.98
2018,7,29,3062.3,207.3,6.77
2018,7,30,3631.8,238.6,6.57
2018,7,31,3690.6,235.6,6.38
2018,8,1,3735.1,230.5,6.17
2018,8,2,3612.2,245.7,6.80
2018,8,3,3611.6,242.9,6.73
2018,8,4,3190.5,308.8,9.68
2018,8,5,2966.0,355.6,11.99
2018,8,6,3608.9,241.3,6.69
2018,8,7,3613.2,247.4,6.85
2018,8,8,3619.1,249.2,6.89
2018,8,9,3587.2,247.2,6.89
2018,8,10,3602.0,235.6,6.54
2018,8,11,3172.1,332.8,10.49
2018,8,12,3009.5,257.4,8.55
2018,8,13,3473.9,239.8,6.90
2018,8,14,3482.7,235.2,6.75
2018,8,15,3395.4,247.4,7.29
2018,8,16,3436.8,227.5,6.62
2018,8,17,3518.2,226.6,6.44
2018,8,18,3008.7,367.6,12.22
2018,8,19,2865.4,303.6,10.59
2018,8,20,3437.5,237.2,6.90
2018,8,21,3467.5,222.2,6.41
2018,8,22,3478.4,236.5,6.80
2018,8,23,3474.6,216.0,6.22
2018,8,24,3015.8,384.6,12.75
2018,8,25,2917.4,328.1,11.24
2018,8,26,2809.7,299.8,10.67
2018,8,27,3232.9,384.2,11.88
2018,8,28,3192.2,406.8,12.74
2018,8,29,3210.9,352.7,10.98
2018,8,30,3188.6,439.8,13.79
2018,8,31,3226.4,407.6,12.63
2018,9,1,2892.8,421.0,14.55
2018,9,2,2817.6,306.2,10.87
2018,9,3,3384.3,282.8,8.36
2018,9,4,3516.3,228.5,6.50
2018,9,5,3523.8,227.5,6.45
2018,9,6,3489.0,238.3,6.83
2018,9,7,3452.4,238.1,6.90
2018,9,8,2966.1,297.2,10.02
2018,9,9,2681.0,371.3,13.85
2018,9,10,3164.5,356.7,11.27
2018,9,11,3327.6,311.1,9.35
2018,9,12,3411.7,231.5,6.78
2018,9,13,3452.1,238.1,6.90
2018,9,14,3463.1,230.8,6.66
2018,9,15,2928.1,314.8,10.75
2018,9,16,2894.7,300.9,10.40
2018,9,17,3509.8,235.0,6.70
2018,9,18,3532.7,240.4,6.80
2018,9,19,3499.1,240.3,6.87
2018,9,20,3501.9,225.6,6.44
2018,9,21,3489.2,240.4,6.89
2018,9,22,3027.2,256.9,8.49
2018,9,23,2787.6,271.8,9.75
2018,9,24,2722.3,336.9,12.38
2018,9,25,3274.9,393.7,12.02
2018,9,26,3194.9,388.5,12.16
2018,9,27,3194.6,423.0,13.24
2018,9,28,3151.0,405.8,12.88
2018,9,29,2681.2,417.5,15.57
2018,9,30,2550.5,406.6,15.94
2018,10,1,3070.7,309.8,10.09
2018,10,2,3099.2,311.6,10.05
2018,10,3,3057.9,300.0,9.81
2018,10,4,2985.2,328.2,10.99
2018,10,5,3037.5,239.6,7.89
2018,10,6,2709.7,270.5,9.98
2018,10,7,2587.1,271.0,10.47
2018,10,8,3087.3,297.5,9.64
2018,10,9,3128.8,294.8,9.42
2018,10,10,2756.2,244.3,8.86
2018,10,11,2987.5,313.8,10.50
2018,10,12,2917.2,375.6,12.88
2018,10,13,2616.2,330.0,12.62
2018,10,14,2568.7,250.0,9.73
2018,10,15,3053.8,308.3,10.09
2018,10,16,3146.2,239.3,7.60
2018,10,17,3007.9,266.9,8.87
2018,10,18,3009.7,277.4,9.22
2018,10,19,2995.2,288.9,9.64
2018,10,20,2620.6,314.8,12.01
2018,10,21,2537.7,276.6,10.90
2018,10,22,3024.0,234.8,7.77
2018,10,23,3045.0,208.0,6.83
2018,10,24,3054.9,225.1,7.37
2018,10,25,3102.9,211.6,6.82
2018,10,26,3101.4,215.2,6.94
2018,10,27,2558.6,325.8,12.73
2018,10,28,2428.9,311.5,12.83
2018,10,29,2843.9,311.2,10.94
2018,10,30,2907.3,255.7,8.80
2018,10,31,2906.0,276.2,9.51
2018,11,1,2860.5,253.6,8.87
2018,11,2,2890.5,234.1,8.10
2018,11,3,2648.6,192.5,7.27
2018,11,4,2539.1,212.8,8.38
2018,11,5,2986.6,211.1,7.07
2018,11,6,3077.2,212.2,6.90
2018,11,7,3094.1,197.1,6.37
2018,11,8,3141.9,191.3,6.09
2018,11,9,3029.5,210.7,6.96
2018,11,10,2692.7,189.3,7.03
2018,11,11,2555.6,254.4,9.95
2018,11,12,2996.3,209.0,6.98
2018,11,13,2951.2,204.0,6.91
2018,11,14,2943.7,200.9,6.83
2018,11,15,2992.0,197.9,6.61
2018,11,16,2996.9,209.4,6.99
2018,11,17,2663.0,186.9,7.02
2018,11,18,2568.2,180.6,7.03
2018,11,19,2918.4,193.7,6.64
2018,11,20,2973.1,192.0,6.46
2018,11,21,3001.9,193.9,6.46
2018,11,22,2881.7,251.8,8.74
2018,11,23,2841.6,269.3,9.48
2018,11,24,2481.2,336.6,13.57
2018,11,25,2482.1,307.7,12.40
2018,11,26,2888.4,191.6,6.63
2018,11,27,2901.7,182.9,6.30
2018,11,28,2895.6,190.3,6.57
2018,11,29,2869.1,204.0,7.11
2018,11,30,2856.2,218.3,7.64
2018,12,1,2563.6,267.7,10.44
2018,12,2,2498.1,245.2,9.82
2018,12,3,2896.3,189.4,6.54
2018,12,4,2986.8,185.2,6.20
2018,12,5,2940.6,194.1,6.60
2018,12,6,3001.9,186.6,6.22
2018,12,7,2835.5,186.8,6.59
2018,12,8,2518.8,265.0,10.52
2018,12,9,2403.8,265.7,11.05
2018,12,10,2863.1,191.0,6.67
2018,12,11,2868.3,183.4,6.39
2018,12,12,2823.6,193.5,6.85
2018,12,13,2818.0,189.5,6.72
2018,12,14,2818.4,195.4,6.93
2018,12,15,2540.1,255.0,10.04
2018,12,16,2454.4,214.3,8.73
2018,12,17,2783.5,177.3,6.37
2018,12,18,2811.1,178.4,6.35
2018,12,19,2837.1,180.6,6.36
2018,12,20,2852.0,179.6,6.30
2018,12,21,2864.7,199.4,6.96
2018,12,22,2717.8,187.3,6.89
2018,12,23,2450.9,245.6,10.02
2018,12,24,2792.8,234.0,8.38
2018,12,25,2858.5,195.9,6.85
2018,12,26,2846.3,178.0,6.25
2018,12,27,2772.6,193.6,6.98
2018,12,28,2684.4,206.3,7.68
2018,12,29,2430.9,327.7,13.48
2018,12,30,2332.6,176.2,7.55
2018,12,31,2339.9,310.6,13.27
2019,1,1,2387.2,255.7,10.71
2019,1,2,2814.8,190.0,6.75
2019,1,3,2845.2,189.2,6.65
2019,1,4,2849.0,181.1,6.36
2019,1,5,2605.4,190.3,7.30
2019,1,6,2461.8,233.3,9.48
2019,1,7,2853.7,179.9,6.31
2019,1,8,2871.9,184.3,6.42
2019,1,9,2864.1,195.4,6.82
2019,1,10,2900.6,184.7,6.37
2019,1,11,2879.8,188.3,6.54
2019,1,12,2590.5,249.7,9.64
2019,1,13,2462.9,239.8,9.74
2019,1,14,2834.8,174.5,6.16
2019,1,15,2888.7,184.4,6.38
2019,1,16,2864.9,184.9,6.45
2019,1,17,2839.5,193.3,6.81
2019,1,18,2775.6,193.5,6.97
2019,1,19,2647.7,195.4,7.38
2019,1,20,2453.9,259.9,10.59
2019,1,21,2773.9,191.5,6.90
2019,1,22,2814.0,192.1,6.83
2019,1,23,2783.8,193.8,6.96
2019,1,24,2786.3,187.2,6.72
2019,1,25,2729.6,190.5,6.98
2019,1,26,2528.2,253.5,10.03
2019,1,27,2441.4,209.2,8.57
2019,1,28,2755.7,180.6,6.55
2019,1,29,2785.8,183.2,6.58
2019,1,30,2776.0,181.0,6.52
2019,1,31,2718.1,189.0,6.95
2019,2,1,2470.9,214.8,8.69
2019,2,2,2338.2,224.0,9.58
2019,2,3,2291.5,203.8,8.89
2019,2,4,2021.4,256.3,12.68
2019,2,5,1999.2,233.3,11.67
2019,2,6,1993.6,232.2,11.65
2019,2,7,2093.8,210.7,10.06
2019,2,8,2158.1,311.5,14.43
2019,2,9,2243.6,313.6,13.98
2019,2,10,2323.6,302.3,13.01
2019,2,11,2666.7,227.5,8.53
2019,2,12,2776.8,186.0,6.70
2019,2,13,2769.9,191.5,6.91
2019,2,14,2825.0,194.3,6.88
2019,2,15,2826.2,195.9,6.93
2019,2,16,2543.2,242.6,9.54
2019,2,17,2434.3,267.3,10.98
2019,2,18,2864.5,176.2,6.15
2019,2,19,2887.6,189.1,6.55
2019,2,20,2907.8,183.8,6.32
2019,2,21,2891.2,181.3,6.27
2019,2,22,2842.0,187.0,6.58
2019,2,23,2672.3,172.9,6.47
2019,2,24,2469.4,177.0,7.17
2019,2,25,2808.4,175.3,6.24
2019,2,26,2839.0,181.8,6.40
2019,2,27,2801.3,190.3,6.79
2019,2,28,2547.2,243.0,9.54
2019,3,1,2468.9,237.1,9.60
2019,3,2,2473.4,183.3,7.41
2019,3,3,2410.2,222.4,9.23
2019,3,4,2768.8,189.5,6.84
2019,3,5,2824.1,195.4,6.92
2019,3,6,2803.2,192.2,6.86
2019,3,7,2814.7,186.8,6.64
2019,3,8,2795.1,181.6,6.50
2019,3,9,2587.0,219.2,8.47
2019,3,10,2480.1,182.3,7.35
2019,3,11,2773.0,179.4,6.47
2019,3,12,2793.6,187.9,6.73
2019,3,13,2814.5,192.3,6.83
2019,3,14,2841.7,178.0,6.26
2019,3,15,2775.7,192.8,6.95
2019,3,16,2531.8,251.8,9.95
2019,3,17,2468.1,229.0,9.28
2019,3,18,2833.8,175.5,6.19
2019,3,19,2888.2,180.5,6.25
2019,3,20,2964.5,184.4,6.22
2019,3,21,3034.3,196.7,6.48
2019,3,22,2961.8,234.1,7.90
2019,3,23,2526.5,208.4,8.25
2019,3,24,2481.2,185.9,7.49
2019,3,25,2853.5,185.3,6.49
2019,3,26,2875.6,188.7,6.56
2019,3,27,2914.0,193.3,6.63
2019,3,28,3009.3,189.2,6.29
2019,3,29,2967.3,205.4,6.92
2019,3,30,2581.0,215.5,8.35
2019,3,31,2446.6,229.8,9.39
2019,4,1,2784.2,193.0,6.93
2019,4,2,2835.9,191.5,6.75
2019,4,3,2848.3,190.5,6.69
2019,4,4,2566.3,234.0,9.12
2019,4,5,2454.2,187.2,7.63
2019,4,6,2496.6,168.3,6.74
2019,4,7,2524.0,177.8,7.04
2019,4,8,3039.9,196.9,6.48
2019,4,9,3153.2,196.4,6.23
2019,4,10,3170.9,215.4,6.79
2019,4,11,3054.1,207.9,6.81
2019,4,12,2903.5,201.8,6.95
2019,4,13,2644.6,176.0,6.66
2019,4,14,2553.7,252.8,9.90
2019,4,15,2874.9,198.6,6.91
2019,4,16,2901.7,187.7,6.47
2019,4,17,2956.5,205.0,6.93
2019,4,18,3033.5,200.3,6.60
2019,4,19,3074.8,192.0,6.24
2019,4,20,2691.0,187.7,6.98
2019,4,21,2630.6,229.8,8.74
2019,4,22,3195.5,199.3,6.24
2019,4,23,3318.1,202.6,6.11
2019,4,24,3326.3,200.3,6.02
2019,4,25,3313.4,229.0,6.91
2019,4,26,3266.4,225.2,6.89
2019,4,27,2737.6,199.3,7.28
2019,4,28,2694.8,174.0,6.46
2019,4,29,3284.7,221.1,6.73
2019,4,30,3309.9,221.1,6.68
2019,5,1,2682.6,309.3,11.53
2019,5,2,2869.0,268.3,9.35
2019,5,3,2831.5,331.6,11.71
2019,5,4,2581.9,311.9,12.08
2019,5,5,2533.6,225.5,8.90
2019,5,6,2861.5,240.4,8.40
2019,5,7,2847.2,260.9,9.16
2019,5,8,2896.8,214.0,7.39
2019,5,9,2922.9,221.2,7.57
2019,5,10,2957.1,260.8,8.82
2019,5,11,2657.6,283.7,10.68
2019,5,12,2648.4,270.9,10.23
2019,5,13,3213.5,231.1,7.19
2019,5,14,3314.4,213.1,6.43
2019,5,15,3289.6,225.3,6.85
2019,5,16,3330.7,243.2,7.30
2019,5,17,3231.6,254.6,7.88
2019,5,18,2952.3,259.1,8.78
2019,5,19,2897.7,212.7,7.34
2019,5,20,3221.3,334.7,10.39
2019,5,21,2997.8,388.7,12.97
2019,5,22,3015.0,455.5,15.11
2019,5,23,3043.0,471.2,15.48
2019,5,24,3154.8,357.5,11.33
2019,5,25,2781.0,398.4,14.33
2019,5,26,2790.5,378.9,13.58
2019,5,27,3252.1,270.6,8.32
2019,5,28,3224.2,316.9,9.83
2019,5,29,3031.9,590.5,19.48
2019,5,30,3211.6,436.7,13.60
2019,5,31,3297.1,451.4,13.69
2019,6,1,2886.0,404.2,14.01
2019,6,2,2885.6,363.2,12.59
2019,6,3,3295.8,454.0,13.78
2019,6,4,3240.9,454.6,14.03
2019,6,5,3391.6,402.9,11.88
2019,6,6,3488.9,378.5,10.85
2019,6,7,3006.8,470.2,15.64
2019,6,8,2954.8,331.0,11.20
2019,6,9,2940.8,408.2,13.88
2019,6,10,3335.5,414.7,12.43
2019,6,11,3212.6,421.5,13.12
2019,6,12,3109.5,541.8,17.42
2019,6,13,3168.0,359.3,11.34
2019,6,14,3087.7,489.5,15.85
2019,6,15,2768.6,543.5,19.63
2019,6,16,2767.3,496.2,17.93
2019,6,17,3370.3,376.5,11.17
2019,6,18,3473.9,325.7,9.38
2019,6,19,3560.1,365.7,10.27
2019,6,20,3595.9,370.3,10.30
2019,6,21,3592.8,408.0,11.36
2019,6,22,3092.3,419.0,13.55
2019,6,23,2830.5,474.4,16.76
2019,6,24,3168.8,541.6,17.09
2019,6,25,3329.0,351.4,10.56
2019,6,26,3281.6,411.2,12.53
2019,6,27,3346.5,417.5,12.48
2019,6,28,3496.3,356.7,10.20
2019,6,29,3055.3,360.2,11.79
2019,6,30,3008.3,343.9,11.43
2019,7,1,3521.5,363.4,10.32
2019,7,2,3505.2,488.3,13.93
2019,7,3,3395.3,475.3,14.00
2019,7,4,3415.7,489.5,14.33
2019,7,5,3385.3,571.4,16.88
2019,7,6,3001.4,443.5,14.78
2019,7,7,2996.5,431.3,14.39
2019,7,8,3516.6,445.5,12.67
2019,7,9,3488.6,416.6,11.94
2019,7,10,3526.7,389.7,11.05
2019,7,11,3456.4,415.5,12.02
2019,7,12,3563.8,433.2,12.16
2019,7,13,3135.3,513.8,16.39
2019,7,14,3094.1,325.7,10.53
2019,7,15,3626.1,363.7,10.03
2019,7,16,3692.6,322.4,8.73
2019,7,17,3738.3,377.0,10.08
2019,7,18,3592.2,408.0,11.36
2019,7,19,3548.4,451.0,12.71
2019,7,20,3061.8,621.8,20.31
2019,7,21,2960.4,538.9,18.20
2019,7,22,3448.8,575.8,16.70
2019,7,23,3500.4,476.6,13.62
2019,7,24,3557.1,503.8,14.16
2019,7,25,3595.5,463.6,12.89
2019,7,26,3652.3,389.7,10.67
2019,7,27,3120.7,534.6,17.13
2019,7,28,2965.4,571.4,19.27
2019,7,29,3555.4,492.4,13.85
2019,7,30,3664.7,406.7,11.10
2019,7,31,3680.7,372.9,10.13
2019,8,1,3648.2,404.2,11.08
2019,8,2,3577.5,503.6,14.08
2019,8,3,3104.5,587.5,18.92
2019,8,4,3133.3,381.7,12.18
2019,8,5,3672.1,392.8,10.70
2019,8,6,3638.6,477.1,13.11
2019,8,7,3606.7,471.9,13.08
2019,8,8,3633.1,431.7,11.88
2019,8,9,3074.0,697.7,22.70
2019,8,10,3147.8,457.1,14.52
2019,8,11,3106.4,418.7,13.48
2019,8,12,3447.9,579.3,16.80
2019,8,13,3390.6,475.2,14.02
2019,8,14,3610.0,406.4,11.26
2019,8,15,3427.5,635.5,18.54
2019,8,16,3437.9,604.8,17.59
2019,8,17,3042.4,665.5,21.87
2019,8,18,2861.6,614.3,21.47
2019,8,19,3295.4,637.6,19.35
2019,8,20,3332.8,626.9,18.81
2019,8,21,3354.2,643.0,19.17
2019,8,22,3498.3,482.4,13.79
2019,8,23,3515.7,486.8,13.85
2019,8,24,2899.6,697.3,24.05
2019,8,25,2899.0,546.2,18.84
2019,8,26,3504.9,535.3,15.27
2019,8,27,3559.3,469.2,13.18
2019,8,28,3650.7,409.4,11.21
2019,8,29,3636.8,405.6,11.15
2019,8,30,3461.3,561.5,16.22
2019,8,31,3063.6,476.7,15.56
2019,9,1,2962.9,498.2,16.81
2019,9,2,3538.3,460.6,13.02
2019,9,3,3546.9,458.1,12.92
2019,9,4,3371.7,541.9,16.07
2019,9,5,3327.7,587.6,17.66
2019,9,6,3420.0,508.5,14.87
2019,9,7,3008.8,489.4,16.27
2019,9,8,2904.7,419.2,14.43
2019,9,9,3435.7,496.1,14.44
2019,9,10,3466.4,414.8,11.97
2019,9,11,3534.1,457.5,12.95
2019,9,12,3526.4,462.6,13.12
2019,9,13,2937.5,482.4,16.42
2019,9,14,2867.6,439.5,15.33
2019,9,15,2819.1,538.7,19.11
2019,9,16,3322.8,602.5,18.13
2019,9,17,3296.1,597.5,18.13
2019,9,18,3242.8,604.2,18.63
2019,9,19,3150.8,689.3,21.88
2019,9,20,3059.4,634.6,20.74
2019,9,21,2646.0,561.2,21.21
2019,9,22,2583.6,542.1,20.98
2019,9,23,2994.7,661.9,22.10
2019,9,24,3010.6,661.6,21.98
2019,9,25,3070.9,567.9,18.49
2019,9,26,3116.2,565.9,18.16
2019,9,27,3125.5,624.4,19.98
2019,9,28,2816.1,485.2,17.23
2019,9,29,2792.6,431.5,15.45
2019,9,30,2850.5,765.7,26.86
2019,10,1,3191.7,453.2,14.20
2019,10,2,3331.6,407.7,12.24
2019,10,3,3369.9,380.7,11.30
2019,10,4,3367.0,442.1,13.13
2019,10,5,3245.1,456.1,14.06
2019,10,6,2803.0,378.9,13.52
2019,10,7,3288.9,370.2,11.26
2019,10,8,3293.8,435.1,13.21
2019,10,9,3234.5,470.1,14.53
2019,10,10,2781.7,440.5,15.84
2019,10,11,2717.7,449.0,16.52
2019,10,12,2696.2,474.2,17.59
2019,10,13,2636.4,543.2,20.60
2019,10,14,3088.4,509.1,16.48
2019,10,15,3053.0,508.5,16.66
2019,10,16,3032.9,398.4,13.14
2019,10,17,3017.9,458.2,15.18
2019,10,18,3017.2,481.0,15.94
2019,10,19,2643.0,478.7,18.11
2019,10,20,2523.3,442.0,17.52
2019,10,21,2921.9,427.4,14.63
2019,10,22,3003.7,380.3,12.66
2019,10,23,3028.6,377.9,12.48
2019,10,24,3034.3,382.9,12.62
2019,10,25,3013.1,412.0,13.67
2019,10,26,2649.8,310.1,11.70
2019,10,27,2572.5,276.2,10.74
2019,10,28,3020.7,405.3,13.42
2019,10,29,2962.4,461.6,15.58
2019,10,30,2971.4,366.6,12.34
2019,10,31,3008.0,363.9,12.10
2019,11,1,3033.1,393.1,12.96
2019,11,2,2670.5,337.8,12.65
2019,11,3,2574.5,342.1,13.29
2019,11,4,2919.2,345.5,11.84
2019,11,5,2924.7,376.9,12.89
2019,11,6,2942.2,334.3,11.36
2019,11,7,2960.1,375.1,12.67
2019,11,8,2890.0,474.0,16.40
2019,11,9,2590.0,370.9,14.32
2019,11,10,2471.6,303.3,12.27
2019,11,11,2862.0,360.7,12.60
2019,11,12,2930.5,359.2,12.26
2019,11,13,2936.0,330.0,11.24
2019,11,14,2895.3,382.3,13.20
2019,11,15,2876.4,315.1,10.95
2019,11,16,2607.5,320.0,12.27
2019,11,17,2536.6,259.0,10.21
2019,11,18,2930.6,303.7,10.36
2019,11,19,2874.3,333.8,11.61
2019,11,20,2893.5,334.7,11.57
2019,11,21,2952.0,299.6,10.15
2019,11,22,2950.0,297.0,10.07
2019,11,23,2679.6,269.5,10.06
2019,11,24,2558.4,319.0,12.47
2019,11,25,2934.0,296.9,10.12
2019,11,26,2928.5,331.2,11.31
2019,11,27,2931.2,356.5,12.16
2019,11,28,2861.0,341.8,11.95
2019,11,29,2847.2,339.2,11.91
2019,11,30,2585.5,300.4,11.62
2019,12,1,2483.6,342.5,13.79
2019,12,2,2793.6,346.2,12.39
2019,12,3,2815.7,315.0,11.19
2019,12,4,2847.4,305.3,10.72
2019,12,5,2870.6,302.3,10.53
2019,12,6,2856.3,341.4,11.95
2019,12,7,2582.4,290.1,11.23
2019,12,8,2475.0,295.6,11.94
2019,12,9,2820.7,320.5,11.36
2019,12,10,2845.6,314.6,11.06
2019,12,11,2839.7,320.2,11.28
2019,12,12,2842.2,299.8,10.55
2019,12,13,2837.0,315.4,11.12
2019,12,14,2567.6,303.5,11.82
2019,12,15,2471.7,281.2,11.38
2019,12,16,2885.1,303.9,10.53
2019,12,17,2923.4,318.9,10.91
2019,12,18,2908.5,325.5,11.19
2019,12,19,2895.2,310.7,10.73
2019,12,20,2858.1,314.6,11.01
2019,12,21,2635.2,281.6,10.69
2019,12,22,2511.5,274.7,10.94
2019,12,23,2878.7,333.0,11.57
2019,12,24,2899.6,328.3,11.32
2019,12,25,2896.5,360.6,12.45
2019,12,26,2895.5,326.2,11.27
2019,12,27,2786.7,320.6,11.50
2019,12,28,2534.9,315.2,12.43
2019,12,29,2498.9,289.9,11.60
2019,12,30,2799.1,314.3,11.23
2019,12,31,2736.4,310.7,11.36
2020,1,1,2533.5,279.0,11.01
2020,1,2,2822.3,308.0,10.91
2020,1,3,2829.2,338.3,11.96
2020,1,4,2558.3,363.6,14.21
2020,1,5,2476.1,269.5,10.88
2020,1,6,2864.4,301.0,10.51
2020,1,7,2914.4,310.4,10.65
2020,1,8,2854.4,323.5,11.33
2020,1,9,2873.0,313.1,10.90
2020,1,10,2847.6,329.8,11.58
2020,1,11,2534.2,385.1,15.20
2020,1,12,2484.2,309.1,12.44
2020,1,13,2864.7,315.7,11.02
2020,1,14,2880.1,341.2,11.85
2020,1,15,2843.1,338.6,11.91
2020,1,16,2871.4,300.5,10.47
2020,1,17,2818.6,339.9,12.06
2020,1,18,2606.8,315.9,12.12
2020,1,19,2532.2,333.5,13.17
2020,1,20,2797.0,318.3,11.38
2020,1,21,2751.7,325.9,11.84
2020,1,22,2574.8,388.6,15.09
2020,1,23,2353.1,334.4,14.21
2020,1,24,2154.3,348.3,16.17
2020,1,25,2102.2,355.1,16.89
2020,1,26,2117.4,352.8,16.66
2020,1,27,2171.0,370.4,17.06
2020,1,28,2281.7,365.3,16.01
2020,1,29,2398.4,330.3,13.77
2020,1,30,2632.3,299.1,11.36
2020,1,31,2671.4,336.1,12.58
2020,2,1,2521.1,389.0,15.43
2020,2,2,2481.6,324.7,13.08
2020,2,3,2796.0,408.8,14.62
2020,2,4,2844.3,330.2,11.61
2020,2,5,2839.7,364.3,12.83
2020,2,6,2848.2,334.7,11.75
2020,2,7,2827.5,376.7,13.32
2020,2,8,2563.0,366.0,14.28
2020,2,9,2515.0,308.4,12.26
2020,2,10,2828.3,314.6,11.12
2020,2,11,2866.3,321.9,11.23
2020,2,12,2853.3,334.8,11.73
2020,2,13,2909.4,324.6,11.16
2020,2,14,2919.9,312.3,10.70
2020,2,15,2777.0,299.6,10.79
2020,2,16,2506.2,398.5,15.90
2020,2,17,2830.0,374.4,13.23
2020,2,18,2842.6,424.9,14.95
2020,2,19,2837.4,356.4,12.56
2020,2,20,2861.3,313.1,10.94
2020,2,21,2852.7,313.8,11.00
2020,2,22,2604.7,367.4,14.11
2020,2,23,2506.4,374.0,14.92
2020,2,24,2882.7,301.0,10.44
2020,2,25,2919.6,312.4,10.70
2020,2,26,2946.7,316.7,10.75
2020,2,27,2836.8,425.3,14.99
2020,2,28,2635.6,328.6,12.47
2020,2,29,2567.7,280.6,10.93
2020,3,1,2498.6,332.0,13.29
2020,3,2,2855.7,329.5,11.54
2020,3,3,2918.3,310.6,10.64
2020,3,4,2885.8,375.8,13.02
2020,3,5,2860.8,351.8,12.30
2020,3,6,2856.9,317.9,11.13
2020,3,7,2618.2,371.2,14.18
2020,3,8,2555.7,337.9,13.22
2020,3,9,2965.3,320.8,10.82
2020,3,10,2859.1,393.1,13.75
2020,3,11,2853.1,325.5,11.41
2020,3,12,2934.8,300.2,10.23
2020,3,13,2916.5,309.8,10.62
2020,3,14,2580.2,382.6,14.83
2020,3,15,2483.7,349.3,14.06
2020,3,16,2798.4,482.0,17.22
2020,3,17,2875.3,414.3,14.41
2020,3,18,2911.8,415.3,14.26
2020,3,19,2938.9,308.5,10.50
2020,3,20,2903.0,370.0,12.75
2020,3,21,2663.5,302.0,11.34
2020,3,22,2608.8,308.6,11.83
2020,3,23,2937.2,377.1,12.84
2020,3,24,2947.0,412.5,14.00
2020,3,25,3003.8,357.7,11.91
2020,3,26,3084.2,318.7,10.33
2020,3,27,3126.0,326.4,10.44
2020,3,28,2589.3,406.6,15.70
2020,3,29,2515.2,348.9,13.87
2020,3,30,2871.6,350.8,12.22
2020,3,31,2916.2,332.2,11.39
2020,4,1,2827.8,409.5,14.48
2020,4,2,2544.3,410.8,16.15
2020,4,3,2512.0,374.9,14.92
2020,4,4,2423.8,441.4,18.21
2020,4,5,2434.7,424.9,17.45
2020,4,6,2824.6,405.4,14.35
2020,4,7,2810.8,403.7,14.36
2020,4,8,2824.6,336.4,11.91
2020,4,9,2828.5,367.8,13.00
2020,4,10,2847.0,465.0,16.33
2020,4,11,2575.2,317.9,12.34
2020,4,12,2460.4,280.9,11.42
2020,4,13,2761.4,332.8,12.05
2020,4,14,2788.4,356.3,12.78
2020,4,15,2818.2,349.7,12.41
2020,4,16,2852.8,314.4,11.02
2020,4,17,2899.0,360.9,12.45
2020,4,18,2665.7,348.9,13.09
2020,4,19,2651.8,302.8,11.42
2020,4,20,2998.6,409.1,13.64
2020,4,21,2998.6,437.6,14.59
2020,4,22,2859.5,403.1,14.10
2020,4,23,2805.0,394.8,14.07
2020,4,24,2767.8,394.8,14.26
2020,4,25,2565.9,316.6,12.34
2020,4,26,2511.0,312.0,12.43
2020,4,27,2870.6,381.0,13.27
2020,4,28,2895.5,468.7,16.19
2020,4,29,2953.2,334.6,11.33
2020,4,30,2961.3,486.4,16.43
2020,5,1,2678.6,351.2,13.11
2020,5,2,2647.3,341.4,12.90
2020,5,3,2681.5,296.7,11.06
2020,5,4,3234.0,347.6,10.75
2020,5,5,3332.1,340.0,10.20
2020,5,6,3296.4,342.6,10.39
2020,5,7,3251.0,373.6,11.49
2020,5,8,3379.1,341.4,10.10
2020,5,9,2970.0,382.3,12.87
2020,5,10,2942.4,301.5,10.25
2020,5,11,3320.3,335.0,10.09
2020,5,12,3197.3,376.6,11.78
2020,5,13,3226.4,419.9,13.01
2020,5,14,3344.2,338.2,10.11
2020,5,15,3378.7,362.2,10.72
2020,5,16,3002.8,394.7,13.14
2020,5,17,2869.4,424.1,14.78
2020,5,18,3280.3,408.5,12.45
2020,5,19,3133.6,462.6,14.76
2020,5,20,3150.7,495.1,15.71
2020,5,21,3157.1,398.3,12.62
2020,5,22,3089.2,367.5,11.90
2020,5,23,2689.8,406.1,15.10
2020,5,24,2690.5,428.9,15.94
2020,5,25,3243.8,394.2,12.15
2020,5,26,3289.6,356.3,10.83
2020,5,27,3144.4,493.2,15.69
2020,5,28,3151.9,526.1,16.69
2020,5,29,3254.4,409.8,12.59
2020,5,30,2851.3,418.6,14.68
2020,5,31,2877.6,343.0,11.92
2020,6,1,3366.0,363.3,10.79
2020,6,2,3438.1,407.1,11.84
2020,6,3,3449.0,416.3,12.07
2020,6,4,3493.5,375.4,10.75
2020,6,5,3486.1,368.3,10.56
2020,6,6,3075.2,424.0,13.79
2020,6,7,2812.1,453.5,16.13
2020,6,8,3236.1,458.0,14.15
2020,6,9,3236.0,451.5,13.95
2020,6,10,3377.0,436.7,12.93
2020,6,11,3422.0,398.6,11.65
2020,6,12,3501.0,358.6,10.24
2020,6,13,3155.2,376.4,11.93
2020,6,14,2982.1,457.2,15.33
2020,6,15,3509.6,503.3,14.34
2020,6,16,3567.4,402.2,11.27
2020,6,17,3616.0,397.5,10.99
2020,6,18,3596.4,419.1,11.65
2020,6,19,3634.0,386.2,10.63
2020,6,20,3531.3,367.5,10.41
2020,6,21,3162.4,348.4,11.02
2020,6,22,3662.7,384.9,10.51
2020,6,23,3684.7,376.8,10.23
2020,6,24,3717.0,408.6,10.99
2020,6,25,3185.2,337.9,10.61
2020,6,26,3035.2,390.7,12.87
2020,6,27,3046.6,362.0,11.88
2020,6,28,3110.7,341.2,10.97
2020,6,29,3635.1,401.3,11.04
2020,6,30,3668.2,464.7,12.67
2020,7,1,3633.1,402.9,11.09
2020,7,2,3584.7,445.8,12.44
2020,7,3,3579.8,413.1,11.54
2020,7,4,3192.4,428.7,13.43
2020,7,5,3121.9,347.5,11.13
2020,7,6,3588.8,501.6,13.98
2020,7,7,3632.6,461.0,12.69
2020,7,8,3710.6,431.5,11.63
2020,7,9,3668.6,436.7,11.90
2020,7,10,3683.0,437.9,11.89
2020,7,11,3293.5,367.1,11.15
2020,7,12,3222.3,351.8,10.92
2020,7,13,3752.8,397.4,10.59
2020,7,14,3779.0,392.4,10.38
2020,7,15,3675.5,421.0,11.45
2020,7,16,3590.3,508.5,14.16
2020,7,17,3688.2,425.6,11.54
2020,7,18,3319.3,432.1,13.02
2020,7,19,3183.1,412.8,12.97
2020,7,20,3752.1,426.9,11.38
2020,7,21,3682.5,513.3,13.94
2020,7,22,3736.7,426.6,11.42
2020,7,23,3802.0,384.8,10.12
2020,7,24,3755.7,412.9,10.99
2020,7,25,3283.8,469.7,14.30
2020,7,26,3054.8,471.8,15.44
2020,7,27,3676.0,456.5,12.42
2020,7,28,3633.3,453.1,12.47
2020,7,29,3635.3,484.5,13.33
2020,7,30,3559.2,546.0,15.34
2020,7,31,3630.0,413.8,11.40
2020,8,1,3268.2,412.1,12.61
2020,8,2,3075.4,381.0,12.39
2020,8,3,3371.8,489.8,14.53
2020,8,4,3403.6,435.3,12.79
2020,8,5,3537.4,438.7,12.40
2020,8,6,3659.3,385.3,10.53
2020,8,7,3668.2,386.0,10.52
2020,8,8,3236.1,387.1,11.96
2020,8,9,3116.6,318.7,10.23
2020,8,10,3641.1,372.6,10.23
2020,8,11,3516.7,438.4,12.47
2020,8,12,3653.7,427.0,11.69
2020,8,13,3630.1,465.1,12.81
2020,8,14,3594.1,502.2,13.97
2020,8,15,3120.4,494.1,15.83
2020,8,16,2972.1,462.2,15.55
2020,8,17,3553.8,458.5,12.90
2020,8,18,3627.9,423.6,11.68
2020,8,19,3699.6,386.9,10.46
2020,8,20,3681.8,438.4,11.91
2020,8,21,3682.3,386.2,10.49
2020,8,22,3098.5,339.8,10.97
2020,8,23,3024.5,329.7,10.90
2020,8,24,3648.3,369.4,10.13
2020,8,25,3707.3,381.2,10.28
2020,8,26,3582.7,379.6,10.60
2020,8,27,3510.7,454.5,12.95
2020,8,28,3512.2,427.2,12.16
2020,8,29,3113.8,417.4,13.40
2020,8,30,3067.7,408.6,13.32
2020,8,31,3519.7,471.9,13.41
2020,9,1,3542.0,447.8,12.64
2020,9,2,3649.2,386.9,10.60
2020,9,3,3547.4,481.1,13.56
2020,9,4,3598.0,487.0,13.54
2020,9,5,3075.8,392.3,12.75
2020,9,6,2792.1,387.3,13.87
2020,9,7,3393.7,436.2,12.85
2020,9,8,3513.4,415.5,11.83
2020,9,9,3537.0,417.7,11.81
2020,9,10,3543.8,425.5,12.01
2020,9,11,3559.8,408.4,11.47
2020,9,12,3131.1,338.3,10.80
2020,9,13,3003.0,302.4,10.07
2020,9,14,3564.0,371.8,10.43
2020,9,15,3631.2,372.5,10.26
2020,9,16,3652.1,373.3,10.22
2020,9,17,3684.6,372.4,10.11
2020,9,18,3689.3,372.9,10.11
2020,9,19,3248.6,331.7,10.21
2020,9,20,2951.7,388.5,13.16
2020,9,21,3439.7,456.2,13.26
2020,9,22,3423.7,512.5,14.97
2020,9,23,3468.9,477.2,13.76
2020,9,24,3352.5,543.4,16.21
2020,9,25,3201.2,527.4,16.48
2020,9,26,3109.5,454.7,14.62
2020,9,27,2680.8,448.9,16.75
2020,9,28,3111.3,455.5,14.64
2020,9,29,3174.6,425.9,13.42
2020,9,30,3072.3,528.5,17.20
2020,10,1,2639.8,464.5,17.60
2020,10,2,2707.5,346.0,12.78
2020,10,3,2754.8,341.8,12.41
2020,10,4,2828.1,359.2,12.70
2020,10,5,3250.8,453.9,13.96
2020,10,6,3190.0,423.9,13.29
2020,10,7,3130.7,410.0,13.10
2020,10,8,3081.3,471.8,15.31
2020,10,9,2748.3,431.0,15.68
2020,10,10,2738.7,329.5,12.03
2020,10,11,2743.1,308.8,11.26
2020,10,12,3306.3,336.1,10.17
2020,10,13,3338.9,346.5,10.38
2020,10,14,3279.8,399.2,12.17
2020,10,15,3268.2,392.6,12.01
2020,10,16,3287.8,380.1,11.56
2020,10,17,2802.1,408.7,14.59
2020,10,18,2657.0,394.6,14.85
2020,10,19,3104.6,450.5,14.51
2020,10,20,3163.2,424.4,13.42
2020,10,21,3236.7,330.9,10.22
2020,10,22,3120.2,434.1,13.91
2020,10,23,2969.8,400.3,13.48
2020,10,24,2679.1,389.2,14.53
2020,10,25,2612.6,402.5,15.41
2020,10,26,3109.2,350.3,11.27
2020,10,27,3166.9,340.1,10.74
2020,10,28,3195.9,347.0,10.86
2020,10,29,3127.1,370.8,11.86
2020,10,30,3026.4,421.5,13.93
2020,10,31,2676.3,371.9,13.90
2020,11,1,2612.7,356.9,13.66
2020,11,2,3043.0,352.3,11.58
2020,11,3,2997.4,318.9,10.64
2020,11,4,2978.8,355.1,11.92
2020,11,5,3034.4,331.9,10.94
2020,11,6,3179.2,326.3,10.26
2020,11,7,2820.6,319.9,11.34
2020,11,8,2561.9,392.8,15.33
2020,11,9,2936.8,408.0,13.89
2020,11,10,2981.2,359.0,12.04
2020,11,11,2961.2,370.8,12.52
2020,11,12,3040.3,319.1,10.50
2020,11,13,3018.6,337.3,11.17
2020,11,14,2714.6,336.4,12.39
2020,11,15,2610.2,346.3,13.27
2020,11,16,3096.4,314.7,10.16
2020,11,17,3140.5,320.2,10.20
2020,11,18,3181.6,336.1,10.56
2020,11,19,3206.9,331.4,10.33
2020,11,20,3202.3,364.3,11.38
2020,11,21,2867.5,292.8,10.21
2020,11,22,2688.5,276.5,10.28
2020,11,23,3083.2,314.5,10.20
2020,11,24,3095.0,313.4,10.13
2020,11,25,3149.1,330.6,10.50
2020,11,26,3142.9,314.5,10.01
2020,11,27,3017.4,349.5,11.58
2020,11,28,2683.7,297.7,11.09
2020,11,29,2524.2,328.7,13.02
2020,11,30,2911.7,332.0,11.40
2020,12,1,2957.7,323.7,10.94
2020,12,2,2953.2,305.0,10.33
2020,12,3,2931.0,316.8,10.81
2020,12,4,2938.2,308.4,10.50
2020,12,5,2664.4,361.8,13.58
2020,12,6,2560.6,269.1,10.51
2020,12,7,2972.6,310.6,10.45
2020,12,8,2986.4,316.4,10.59
2020,12,9,3013.5,309.4,10.27
2020,12,10,3019.7,308.6,10.22
2020,12,11,2992.1,312.9,10.46
2020,12,12,2666.4,328.2,12.31
2020,12,13,2545.9,283.0,11.12
2020,12,14,2961.7,302.1,10.20
2020,12,15,2970.2,301.2,10.14
2020,12,16,2979.8,302.1,10.14
2020,12,17,2987.8,300.0,10.04
2020,12,18,2980.2,304.7,10.22
2020,12,19,2674.3,304.7,11.39
2020,12,20,2565.8,361.6,14.09
2020,12,21,2965.0,307.2,10.36
2020,12,22,2990.8,319.9,10.70
2020,12,23,3031.2,307.6,10.15
2020,12,24,2985.7,354.5,11.87
2020,12,25,2929.9,341.8,11.67
2020,12,26,2673.2,306.6,11.47
2020,12,27,2597.7,286.9,11.04
2020,12,28,2949.1,313.5,10.63
2020,12,29,3002.0,309.3,10.30
2020,12,30,2909.3,311.8,10.72
2020,12,31,2844.4,315.4,11.09
2021,1,1,2572,276.7,10.77
2021,1,2,2548.5,293.6,11.52
2021,1,3,2547.6,303.7,11.92
2021,1,4,2973.4,303.2,10.20
2021,1,5,3005.0,306.7,10.21
2021,1,6,3032.7,310.2,10.23
2021,1,7,3050.0,310.2,10.17
2021,1,8,3041.2,310.5,10.21
2021,1,9,2806.8,320.2,11.41
2021,1,10,2725.5,290.6,10.66
2021,1,11,3067.9,309.3,10.08
2021,1,12,3063.3,311.6,10.17
2021,1,13,2999.4,311.4,10.38
2021,1,14,3002.1,313.2,10.43
2021,1,15,2955.5,331.0,11.20
2021,1,16,2712.1,304.6,11.23
2021,1,17,2671.2,303.5,11.36
2021,1,18,2993.8,315.7,10.55
2021,1,19,2999.0,315.9,10.53
2021,1,20,2998.4,314.9,10.50
2021,1,21,3028.5,307.4,10.15
2021,1,22,3009.5,309.7,10.29
2021,1,23,2721.8,320.3,11.77
2021,1,24,2571.7,307.3,11.95
2021,1,25,2979.4,326.9,10.97
2021,1,26,2993.3,321.9,10.75
2021,1,27,2958.8,306.4,10.36
2021,1,28,2955.7,328.6,11.12
2021,1,29,2926.9,320.3,10.94
2021,1,30,2666.2,344.7,12.93
2021,1,31,2545.8,290.6,11.41
2021,2,1,2904.2,293.8,10.12
2021,2,2,2972.6,304.5,10.24
2021,2,3,2962.3,300.6,10.15
2021,2,4,2965.5,313.2,10.56
2021,2,5,2929.1,306.0,10.45
2021,2,6,2667.7,306.6,11.49
2021,2,7,2591.5,276.3,10.66
2021,2,8,2791.5,304.7,10.92
2021,2,9,2611.4,288.0,11.03
2021,2,10,2437.0,288.8,11.85
2021,2,11,2213.3,283.3,12.80
2021,2,12,2191.3,299.2,13.65
2021,2,13,2195.6,302.4,13.77
2021,2,14,2244.0,291.1,12.97
2021,2,15,2346.5,264.5,11.27
2021,2,16,2471.5,300.2,12.15
2021,2,17,2789.1,282.4,10.13
2021,2,18,2853.3,290.7,10.19
2021,2,19,2862.7,288.5,10.08
2021,2,20,2739.2,297.5,10.86
2021,2,21,2525.7,313.9,12.43
2021,2,22,2936.6,298.9,10.18
2021,2,23,2991.9,310.9,10.39
2021,2,24,3003.1,304.9,10.15
2021,2,25,3007.2,302.9,10.07
2021,2,26,2973.9,304.1,10.23
2021,2,27,2645.6,275.8,10.42
2021,2,28,2501.7,267.2,10.68
2021,3,1,2655.6,283.2,10.66
2021,3,2,2941.6,322.1,10.95
2021,3,3,2967.7,307.5,10.36
2021,3,4,2978.5,308.8,10.37
2021,3,5,2986.9,326.8,10.94
2021,3,6,2691.2,280.5,10.42
2021,3,7,2579.4,275.2,10.67
2021,3,8,2977.2,311.0,10.45
2021,3,9,2994.7,304.8,10.18
2021,3,10,2990.6,305.5,10.22
2021,3,11,3004.0,307.7,10.24
2021,3,12,2992.8,327.2,10.93
2021,3,13,2679.7,307.5,11.48
2021,3,14,2564.1,293.3,11.44
2021,3,15,3008.8,307.4,10.22
2021,3,16,3068.4,308.7,10.06
2021,3,17,3071.6,318.3,10.36
2021,3,18,3072.4,321.4,10.46
2021,3,19,3086.5,313.7,10.16
2021,3,20,2774.7,283.9,10.23
2021,3,21,2568.8,318.6,12.40
2021,3,22,2960.7,322.4,10.89
2021,3,23,2972.6,353.7,11.90
2021,3,24,3005.0,305.9,10.18
2021,3,25,2985.4,327.2,10.96
2021,3,26,2992.9,327.9,10.96
2021,3,27,2769.3,320.0,11.56
2021,3,28,2686.4,291.9,10.87
2021,3,29,3146.0,318.1,10.11
2021,3,30,3205.6,326.2,10.18
2021,3,31,3209.4,322.9,10.06
2021,4,1,3200.5,347.0,10.84
2021,4,2,2909.3,316.0,10.86
2021,4,3,2763.0,305.7,11.06
2021,4,4,2521.8,299.4,11.87
2021,4,5,2606.3,287.3,11.02
2021,4,6,2983.0,320.1,10.73
2021,4,7,2988.5,324.7,10.86
2021,4,8,3008.3,329.8,10.96
2021,4,9,2947.6,321.1,10.89
2021,4,10,2701.7,296.6,10.98
2021,4,11,2662.3,284.8,10.70
2021,4,12,3115.2,320.5,10.29
2021,4,13,3162.3,319.5,10.10
2021,4,14,3061.0,323.5,10.57
2021,4,15,3069.2,320.8,10.45
2021,4,16,3066.9,332.0,10.83
2021,4,17,2755.1,288.3,10.46
2021,4,18,2612.8,286.3,10.96
2021,4,19,3076.0,309.1,10.05
2021,4,20,3133.2,321.4,10.26
2021,4,21,3188.4,330.2,10.36
2021,4,22,3276.5,328.5,10.03
2021,4,23,3213.5,333.5,10.38
2021,4,24,2841.3,298.9,10.52
2021,4,25,2654.1,291.1,10.97
2021,4,26,3132.8,319.8,10.21
2021,4,27,3176.7,347.4,10.94
2021,4,28,3151.1,316.9,10.06
2021,4,29,3022.3,329.6,10.91
2021,4,30,2840.0,305.8,10.77
2021,5,1,2729.0,288.4,10.57
2021,5,2,2720.8,297.5,10.93
2021,5,3,3176.6,323.4,10.18
2021,5,4,3304.2,336.0,10.17
2021,5,5,3267.6,357.8,10.95
2021,5,6,3307.6,346.5,10.48
2021,5,7,3418.6,351.8,10.29
2021,5,8,3033.9,330.5,10.89
2021,5,9,2921.7,297.5,10.18
2021,5,10,3508.7,351.9,10.03
2021,5,11,3599.3,361.1,10.03
2021,5,12,3666.0,366.9,10.01
2021,5,13,3670.5,368.2,10.03
2021,5,14,3705.3,334.4,9.02
2021,5,15,3395.7,350.7,10.33
2021,5,16,3243.6,330.6,10.19
2021,5,17,3744.2,143.7,3.84
2021,5,18,3728.8,309.5,8.30
2021,5,19,3757.4,288.0,7.66
2021,5,20,3744.7,257.0,6.86
2021,5,21,3767.9,288.2,7.65
2021,5,22,3387.3,365.3,10.78
2021,5,23,3211.4,224.4,6.99
2021,5,24,3789.3,228.5,6.03
2021,5,25,3729.3,279.7,7.50
2021,5,26,3712.3,238.8,6.43
2021,5,27,3802.2,252.3,6.64
2021,5,28,3840.1,232.6,6.06
2021,5,29,3148.8,499.0,15.85
2021,5,30,2856.6,360.4,12.62
2021,5,31,3363.9,407.7,12.12
2021,6,1,3409.0,356.2,10.45
2021,6,2,3569.0,398.9,11.18
2021,6,3,3658.4,379.9,10.38
2021,6,4,3646.7,372.6,10.22
2021,6,5,3005.4,398.7,13.27
2021,6,6,2728.3,406.3,14.89
2021,6,7,3285.9,460.2,14.01
2021,6,8,3486.1,377.5,10.83
2021,6,9,3533.0,391.4,11.08
2021,6,10,3579.1,375.0,10.48
2021,6,11,3611.7,290.0,8.03
2021,6,12,3319.0,304.6,9.18
2021,6,13,3128.6,272.9,8.72
2021,6,14,3209.7,327.3,10.20
2021,6,15,3721.7,375.0,10.08
2021,6,16,3679.6,371.5,10.10
2021,6,17,3790.0,383.3,10.11
2021,6,18,3808.4,384.8,10.10
2021,6,19,3383.2,468.5,13.85
2021,6,20,3176.7,415.6,13.08
2021,6,21,3598.2,398.6,11.08
2021,6,22,3551.1,358.9,10.11
2021,6,23,3381.3,390.1,11.54
2021,6,24,3381.6,469.4,13.88
2021,6,25,3363.7,558.9,16.62
2021,6,26,3072.8,420.3,13.68
2021,6,27,3025.6,432.0,14.28
2021,6,28,3483.4,500.5,14.37
2021,6,29,3525.6,528.2,14.98
2021,6,30,3614.2,598.7,16.57
2021,7,1,3684.0,603.9,16.39
2021,7,2,3752.5,460.2,12.26
2021,7,3,3376.9,432.6,12.81
2021,7,4,3167.5,452.5,14.29
2021,7,5,3739.6,226.9,6.07
2021,7,6,3745.2,392.4,10.48
2021,7,7,3773.3,379.9,10.07
2021,7,8,3799.0,380.5,10.02
2021,7,9,3816.3,385.8,10.11
2021,7,10,3455.6,381.1,11.03
2021,7,11,3217.0,339.4,10.55
2021,7,12,3821.2,346.4,9.07
2021,7,13,3859.9,287.2,7.44
2021,7,14,3799.9,383.3,10.09
2021,7,15,3779.8,401.3,10.62
2021,7,16,3753.3,423.5,11.28
2021,7,17,3391.6,411.3,12.13
2021,7,18,3166.1,445.7,14.08
2021,7,19,3856.4,333.8,8.66
2021,7,20,3799.6,404.3,10.64
2021,7,21,3733.0,547.6,14.67
2021,7,22,3649.5,540.0,14.80
2021,7,23,3576.6,565.8,15.82
2021,7,24,3098.1,437.2,14.11
2021,7,25,3198.4,349.4,10.92
2021,7,26,3813.2,451.8,11.85
2021,7,27,3884.4,395.0,10.17
2021,7,28,3863.7,303.3,7.85
2021,7,29,3813.1,383.4,10.05
2021,7,30,3705.1,383.3,10.35
2021,7,31,3142.5,520.1,16.55
2021,8,1,3005.5,548.7,18.26
2021,8,2,3468.8,451.6,13.02
2021,8,3,3544.2,559.1,15.78
2021,8,4,3598.1,449.5,12.49
2021,8,5,3534.3,452.6,12.81
2021,8,6,3395.6,463.7,13.66
2021,8,7,2969.0,343.8,11.58
2021,8,8,3017.4,406.6,13.48
2021,8,9,3516.1,484.5,13.78
2021,8,10,3630.2,489.7,13.49
2021,8,11,3646.8,597.5,16.38
2021,8,12,3672.2,595.0,16.20
2021,8,13,3638.9,548.1,15.06
2021,8,14,3258.0,536.4,16.46
2021,8,15,3105.4,348.3,11.22
2021,8,16,3699.7,442.0,11.95
2021,8,17,3770.3,439.3,11.65
2021,8,18,3677.3,436.4,11.87
2021,8,19,3753.6,491.3,13.09
2021,8,20,3725.3,511.9,13.74
2021,8,21,3358.8,473.6,14.10
2021,8,22,3154.8,385.3,12.21
2021,8,23,3750.7,465.6,12.41
2021,8,24,3790.2,398.3,10.51
2021,8,25,3848.5,395.1,10.27
2021,8,26,3797.2,448.7,11.82
2021,8,27,3779.2,478.8,12.67
2021,8,28,3430.6,532.8,15.53
2021,8,29,3233.2,468.2,14.48
2021,8,30,3724.4,374.9,10.07
2021,8,31,3735.0,482.9,12.93
2021,9,1,3773.6,384.9,10.20
2021,9,2,3780.0,426.7,11.29
2021,9,3,3785.8,397.0,10.49
2021,9,4,3306.6,514.0,15.54
2021,9,5,3154.0,456.3,14.47
2021,9,6,3775.8,388.3,10.28
2021,9,7,3827.5,384.3,10.04
2021,9,8,3849.0,386.0,10.03
2021,9,9,3817.3,390.2,10.22
2021,9,10,3873.7,330.3,8.53
2021,9,11,3672.6,372.0,10.13
2021,9,12,2991.6,400.8,13.40
2021,9,13,3667.2,384.6,10.49
2021,9,14,3806.1,395.8,10.40
2021,9,15,3831.8,389.9,10.18
2021,9,16,3751.3,484.1,12.90
2021,9,17,3746.0,464.6,12.40
2021,9,18,3368.3,460.9,13.68
2021,9,19,3128.9,315.3,10.08
2021,9,20,3121.9,691.1,22.14
2021,9,21,3146.0,655.6,20.84
2021,9,22,3790.9,381.7,10.07
2021,9,23,3806.1,313.3,8.23
2021,9,24,3773.8,445.7,11.81
2021,9,25,3364.3,534.8,15.90
2021,9,26,3138.3,320.9,10.23
2021,9,27,3717.8,439.5,11.82
2021,9,28,3696.2,526.8,14.25
2021,9,29,3716.2,484.3,13.03
2021,9,30,3723.3,521.2,14.00
2021,10,1,3729.0,317.5,8.51
2021,10,2,3355.8,523.5,15.60
2021,10,3,3099.3,331.7,10.70
2021,10,4,3750.5,375.6,10.01
2021,10,5,3769.1,267.0,7.08
2021,10,6,3758.9,232.7,6.19
2021,10,7,3770.3,162.9,4.32
2021,10,8,3760.0,185.4,4.93
2021,10,9,3340.4,514.1,15.39
2021,10,10,3091.4,364.2,11.78
2021,10,11,3082.0,261.4,8.48
2021,10,12,3604.4,238.4,6.61
2021,10,13,3534.9,257.2,7.28
2021,10,14,3485.0,288.3,8.27
2021,10,15,3634.1,280.8,7.73
2021,10,16,3238.5,566.3,17.49
2021,10,17,2730.8,654.7,23.97
2021,10,18,3208.3,590.2,18.40
2021,10,19,3277.0,550.2,16.79
2021,10,20,3329.4,503.0,15.11
2021,10,21,3281.0,604.0,18.41
2021,10,22,3123.8,389.9,12.48
2021,10,23,2851.7,468.3,16.42
2021,10,24,2693.5,504.9,18.75
2021,10,25,3168.6,404.3,12.76
2021,10,26,3232.1,347.1,10.74
2021,10,27,3230.6,391.5,12.12
2021,10,28,3182.5,681.7,21.42
2021,10,29,3125.7,541.2,17.31
2021,10,30,2813.5,380.6,13.53
2021,10,31,2720.1,448.7,16.50
2021,11,1,3164.8,335.7,10.61
2021,11,2,3182.7,294.9,9.27
2021,11,3,3211.5,420.6,13.10
2021,11,4,3245.0,376.7,11.61
2021,11,5,3330.2,281.8,8.46
2021,11,6,2987.6,547.1,18.31
2021,11,7,2827.7,258.4,9.14
2021,11,8,3120.7,541.7,17.36
2021,11,9,3024.1,391.4,12.94
2021,11,10,3012.5,368.5,12.23
2021,11,11,3023.2,385.7,12.76
2021,11,12,2994.6,431.9,14.42
2021,11,13,2729.3,511.7,18.75
2021,11,14,2606.7,482.8,18.52
2021,11,15,3068.9,357.1,11.64
2021,11,16,3119.7,389.9,12.50
2021,11,17,3145.1,385.8,12.27
2021,11,18,3128.0,346.6,11.08
2021,11,19,3134.0,570.4,18.20
2021,11,20,2827.8,409.5,14.48
2021,11,21,2726.2,409.8,15.03
2021,11,22,3033.0,660.8,21.79
2021,11,23,3020.6,403.6,13.36
2021,11,24,3046.3,385.9,12.67
2021,11,25,3077.8,393.7,12.79
2021,11,26,3017.4,408.9,13.55
2021,11,27,2769.0,372.7,13.46
2021,11,28,2672.1,343.5,12.86
2021,11,29,3107.7,277.3,8.92
2021,11,30,3044.5,400.7,13.16
2021,12,1,2983.2,455.6,15.27
2021,12,2,3015.0,382.1,12.67
2021,12,3,2967.5,496.7,16.74
2021,12,4,2710.4,441.8,16.30
2021,12,5,2618.8,362.0,13.82
2021,12,6,3018.7,379.2,12.56
2021,12,7,3026.4,284.1,9.39
2021,12,8,3028.6,424.3,14.01
2021,12,9,3086.3,325.6,10.55
2021,12,10,3041.7,353.1,11.61
2021,12,11,2779.7,327.3,11.77
2021,12,12,2620.5,451.5,17.23
2021,12,13,3024.1,408.3,13.50
2021,12,14,3075.1,305.0,9.92
2021,12,15,3099.2,268.6,8.67
2021,12,16,3102.0,286.4,9.23
2021,12,17,2997.0,661.6,22.08
2021,12,18,2694.2,427.9,15.88
2021,12,19,2608.6,342.8,13.14
2021,12,20,3038.4,264.2,8.70
2021,12,21,3074.8,286.2,9.31
2021,12,22,3076.1,305.7,9.94
2021,12,23,3101.7,242.3,7.81
2021,12,24,3020.0,319.0,10.56
2021,12,25,2728.8,303.5,11.12
2021,12,26,2657.2,342.9,12.90
2021,12,27,3028.7,376.8,12.44
2021,12,28,2997.3,325.3,10.85
2021,12,29,2991.3,280.7,9.38
2021,12,30,2903.6,437.6,15.07
2021,12,31,2644.3,392.7,14.85
2022,1,1,2566.1,334.5,13.04
2022,1,2,2591.5,364.1,14.05
2022,1,3,2997.6,318.4,10.62
2022,1,4,3033.0,262.0,8.64
2022,1,5,3044.9,251.2,8.25
2022,1,6,3027.6,320.9,10.60
2022,1,7,2996.2,301.0,10.05
2022,1,8,2735.6,314.7,11.50
2022,1,9,2656.2,315.8,11.89
2022,1,10,3020.5,249.1,8.25
2022,1,11,3046.4,241.3,7.92
2022,1,12,3020.6,222.0,7.35
2022,1,13,3016.7,247.5,8.20
2022,1,14,2984.3,268.1,8.98
2022,1,15,2779.2,229.3,8.25
2022,1,16,2679.3,342.9,12.80
2022,1,17,3058.6,271.5,8.88
2022,1,18,3060.9,242.5,7.92
2022,1,19,3031.7,300.2,9.90
2022,1,20,3062.0,266.0,8.69
2022,1,21,3074.3,217.9,7.09
2022,1,22,2948.6,303.2,10.28
2022,1,23,2716.1,230.1,8.47
2022,1,24,3031.0,316.7,10.45
2022,1,25,3000.7,296.3,9.87
2022,1,26,3005.0,254.9,8.48
2022,1,27,2940.6,346.3,11.78
2022,1,28,2765.3,470.0,17.00
2022,1,29,2621.9,334.6,12.76
2022,1,30,2510.7,308.7,12.30
2022,1,31,2312.1,311.1,13.46
2022,2,1,2288.1,442.1,19.32
2022,2,2,2296.7,323.2,14.07
2022,2,3,2395.5,313.5,13.09
2022,2,4,2469.1,357.7,14.49
2022,2,5,2531.5,293.0,11.57
2022,2,6,2588.3,310.8,12.01
2022,2,7,2975.3,298.6,10.04
2022,2,8,2998.9,339.5,11.32
2022,2,9,3026.9,283.3,9.36
2022,2,10,3037.9,297.2,9.78
2022,2,11,3016.5,334.3,11.08
2022,2,12,2801.7,292.1,10.43
2022,2,13,2703.8,375.7,13.90
2022,2,14,3057.2,296.6,9.70
2022,2,15,3059.8,287.7,9.40
2022,2,16,3049.1,366.5,12.02
2022,2,17,3080.0,304.3,9.88
2022,2,18,3062.5,318.4,10.4
2022,2,19,2839.1,298.9,10.53
2022,2,20,2843.4,297.2,10.45
2022,2,21,3136.1,200.6,6.40
2022,2,22,3097.7,260.3,8.40
2022,2,23,3131.8,256.7,8.20
2022,2,24,3109.8,251.1,8.07
2022,2,25,3012.1,340.6,11.31
2022,2,26,2782.2,343.7,12.35
2022,2,27,2619.6,373.0,14.24
2022,2,28,2733.7,412.7,15.10
2022,3,1,3050.3,251.0,8.23
2022,3,2,3067.8,313.5,10.22
2022,3,3,2895.6,712.6,24.61
2022,3,4,3021.5,326.1,10.79
2022,3,5,2740.1,433.8,15.83
2022,3,6,2636.1,463.2,17.57
2022,3,7,2971.7,252.7,8.50
2022,3,8,2994.4,329.0,10.99
2022,3,9,3029.4,255.0,8.42
2022,3,10,3034.1,308.8,10.18
2022,3,11,3034.6,314.8,10.37
2022,3,12,2790.4,343.8,12.32
2022,3,13,2740.7,283.9,10.36
2022,3,14,3128.2,265.9,8.50
2022,3,15,3185.1,298.6,9.37
2022,3,16,3196.9,285.9,8.94
2022,3,17,3210.9,271.2,8.45
2022,3,18,3153.3,442.4,14.03
2022,3,19,2834.5,267.5,9.44
2022,3,20,2757.5,305.0,11.06
2022,3,21,3190.6,275.1,8.62
2022,3,22,3142.8,373.5,11.88
2022,3,23,3046.3,371.7,12.20
2022,3,24,3099.1,238.1,7.68
2022,3,25,3178.2,339.4,10.68
2022,3,26,2912.1,327.7,11.25
2022,3,27,2690.3,341.4,12.69
2022,3,28,3065.9,306.9,10.01
2022,3,29,3112.9,277.7,8.92
2022,3,30,3176.7,433.6,13.65
2022,3,31,3178.5,418.0,13.15
2022,4,1,2991.4,636.0,21.26
2022,4,2,2776.9,243.8,8.78
2022,4,3,2615.7,403.1,15.41
2022,4,4,2642.5,308.3,11.67
2022,4,5,2705.3,316.0,11.68
2022,4,6,3077.5,371.9,12.08
2022,4,7,3081.9,297.5,9.65
2022,4,8,3137.6,395.1,12.59
2022,4,9,2886.8,373.8,12.95
2022,4,10,2798.3,391.7,14.00
2022,4,11,3307.8,349.7,10.57
2022,4,12,3360.5,447.5,13.32
2022,4,13,3387.7,428.0,12.63
2022,4,14,3270.5,510.6,15.61
2022,4,15,3160.5,367.4,11.62
2022,4,16,2784.0,375.8,13.50
2022,4,17,2702.8,330.4,12.22
2022,4,18,3142.2,274.6,8.74
2022,4,19,3121.8,282.7,9.06
2022,4,20,3171.3,324.7,10.24
2022,4,21,3253.9,251.3,7.72
2022,4,22,3379.9,260.2,7.70
2022,4,23,3021.4,300.4,9.94
2022,4,24,2973.0,286.4,9.63
2022,4,25,3489.1,251.5,7.21
2022,4,26,3590.8,318.8,8.88
2022,4,27,3599.6,270.4,7.51
2022,4,28,3577.2,300.8,8.41
2022,4,29,3637.0,359.6,9.89
2022,4,30,2917.5,441.0,15.12
2022,5,1,2654.2,569.0,21.44
2022,5,2,2693.6,552.0,20.49
2022,5,3,3083.5,447.2,14.50
2022,5,4,3203.0,450.6,14.07
2022,5,5,3242.4,415.0,12.80
2022,5,6,3310.8,529.7,16.00
2022,5,7,2963.4,308.3,10.40
2022,5,8,2857.3,400.1,14.00
2022,5,9,3331.8,474.2,14.23
2022,5,10,3456.5,407.7,11.80
2022,5,11,3437.6,348.0,10.12
2022,5,12,3460.9,359.7,10.39
2022,5,13,3391.9,455.7,13.43
2022,5,14,2921.0,387.6,13.27
2022,5,15,2726.7,552.8,20.27
2022,5,16,3053.9,512.5,16.78
2022,5,17,3067.1,581.6,18.96
2022,5,18,3249.7,457.8,14.09
2022,5,19,3313.7,338.7,10.22
2022,5,20,3323.6,469.5,14.13
2022,5,21,2902.6,350.0,12.06
2022,5,22,2826.2,318.1,11.26
2022,5,23,3314.9,268.4,8.10
2022,5,24,3354.2,418.9,12.49
2022,5,25,3362.8,382.4,11.37
2022,5,26,3400.2,377.3,11.10
2022,5,27,3308.4,429.2,12.97
2022,5,28,3077.4,249.2,8.10
2022,5,29,3025.7,226.6,7.49
2022,5,30,3613.2,373.2,10.33
2022,5,31,3595.8,471.7,13.12
2022,6,1,3677.6,614.6,16.71
2022,6,2,3662.1,605.0,16.52
2022,6,3,3193.3,702.3,21.99
2022,6,4,3105.0,417.0,13.43
2022,6,5,3184.7,374.8,11.77
2022,6,6,3666.7,421.2,11.49
2022,6,7,3510.7,398.6,11.35
2022,6,8,3409.3,529.9,15.54
2022,6,9,3447.9,435.5,12.63
2022,6,10,3480.9,478.0,13.73
2022,6,11,3167.3,674.6,21.30
2022,6,12,3016.5,447.0,14.82
2022,6,13,3677.4,658.6,17.91
2022,6,14,3774.0,513.4,13.60
2022,6,15,3644.6,567.7,15.58
2022,6,16,3643.2,515.0,14.14
2022,6,17,3666.1,530.5,14.47
2022,6,18,3347.7,744.8,22.25
2022,6,19,3218.4,261.3,8.12
2022,6,20,3860.9,394.2,10.21
2022,6,21,3866.6,364.5,9.43
2022,6,22,3926.6,297.4,7.57
2022,6,23,3994.0,251.0,6.28
2022,6,24,3913.0,289.3,7.39
2022,6,25,3417.7,613.6,17.95
2022,6,26,3241.9,434.5,13.40
2022,6,27,3878.5,335.6,8.65
2022,6,28,3884.6,294.7,7.59
2022,6,29,3904.5,131.6,3.37
2022,6,30,3860.9,335.9,8.70
2022,7,1,3844.1,385.8,10.04
2022,7,2,3254.6,578.1,17.76
2022,7,3,3216.2,387.4,12.05
2022,7,4,3770.8,531.0,14.08
2022,7,5,3768.9,533.6,14.16
2022,7,6,3801.3,588.2,15.47
2022,7,7,3854.0,486.2,12.62
2022,7,8,3871.1,401.3,10.37
2022,7,9,3467.4,670.9,19.35
2022,7,10,3392.6,297.9,8.78
2022,7,11,3984.4,385.2,9.67
2022,7,12,3960.8,436.6,11.02
2022,7,13,3974.6,428.1,10.77
2022,7,14,3929.8,348.0,8.86
2022,7,15,3834.2,433.2,11.30
2022,7,16,3482.4,723.1,20.76
2022,7,17,3389.7,429.1,12.66
2022,7,18,3908.5,555.5,14.21
2022,7,19,3991.9,400.1,10.02
2022,7,20,4030.1,457.5,11.35
2022,7,21,4030.1,429.1,10.65
2022,7,22,4074.8,419.9,10.30
2022,7,23,3640.7,580.6,15.95
2022,7,24,3480.4,280.4,8.06
2022,7,25,4067.0,385.7,9.48
2022,7,26,4023.4,395.0,9.82
2022,7,27,4010.5,416.1,10.38
2022,7,28,4006.3,391.3,9.77
2022,7,29,3977.0,469.4,11.80
2022,7,30,3474.7,723.0,20.81
2022,7,31,3320.8,482.9,14.54
2022,8,1,3898.9,312.5,8.02
2022,8,2,3648.7,482.9,13.23
2022,8,3,3765.2,479.8,12.74
2022,8,4,3839.7,416.1,10.84
2022,8,5,3812.7,558.9,14.66
2022,8,6,3420.5,787.8,23.03
2022,8,7,3238.4,543.5,16.78
2022,8,8,3919.1,517.0,13.19
2022,8,9,3933.6,444.3,11.29
2022,8,10,3902.8,498.7,12.78
2022,8,11,3921.7,411.5,10.49
2022,8,12,3887.0,456.0,11.73
2022,8,13,3440.8,796.3,23.14
2022,8,14,3325.8,317.3,9.54
2022,8,15,3860.6,459.1,11.89
2022,8,16,3854.0,447.6,11.61
2022,8,17,3894.1,407.9,10.47
2022,8,18,3767.8,468.7,12.44
2022,8,19,3830.4,548.9,14.33
2022,8,20,3416.6,795.5,23.28
2022,8,21,3293.7,419.4,12.73
2022,8,22,3951.6,457.6,11.58
2022,8,23,3991.8,321.6,8.06
2022,8,24,3979.5,199.3,5.01
2022,8,25,3979.0,485.3,12.20
2022,8,26,3936.9,502.4,12.76
2022,8,27,3557.8,527.5,14.83
2022,8,28,3243.2,764.7,23.58
2022,8,29,3885.5,390.3,10.05
2022,8,30,3892.5,398.7,10.24
2022,8,31,3899.2,484.4,12.42
2022,9,1,3718.5,573.2,15.41
2022,9,2,3475.4,625.7,18.00
2022,9,3,3106.1,492.9,15.87
2022,9,4,3018.7,520.6,17.25
2022,9,5,3699.3,629.6,17.02
2022,9,6,3601.8,567.7,15.76
2022,9,7,3631.1,571.3,15.73
2022,9,8,3524.0,698.8,19.83
2022,9,9,2982.7,907.3,30.42
2022,9,10,2808.4,509.1,18.13
2022,9,11,2902.7,445.2,15.34
2022,9,12,3446.4,650.1,18.86
2022,9,13,3425.5,619.1,18.07
2022,9,14,3541.5,372.8,10.53
2022,9,15,3595.8,508.1,14.13
2022,9,16,3577.9,468.8,13.10
2022,9,17,3146.3,806.6,25.64
2022,9,18,3019.3,464.4,15.38
2022,9,19,3561.7,518.1,14.55
2022,9,20,3440.0,616.2,17.91
2022,9,21,3460.0,668.5,19.32
2022,9,22,3440.0,675.2,19.63
2022,9,23,3438.3,595.1,17.31
2022,9,24,2949.4,774.8,26.27
2022,9,25,2893.3,442.2,15.28
2022,9,26,3560.5,516.4,14.50
2022,9,27,3587.1,519.2,14.47
2022,9,28,3662.5,531.9,14.52
2022,9,29,3675.8,515.1,14.01
2022,9,30,3662.0,507.0,13.84
2022,10,1,3238.6,781.9,24.14
2022,10,2,3106.5,382.5,12.31
2022,10,3,3742.0,379.6,10.14
2022,10,4,3769.9,400.5,10.62
2022,10,5,3659.0,551.0,15.06
2022,10,6,3601.2,627.4,17.42
2022,10,7,3506.6,606.2,17.29
2022,10,8,2901.9,541.1,18.65
2022,10,9,2771.7,565.3,20.40
2022,10,10,2667.5,726.3,27.23
2022,10,11,3038.2,724.3,23.84
2022,10,12,3172.2,702.0,22.13
2022,10,13,3234.4,395.5,12.23
2022,10,14,3257.5,577.7,17.73
2022,10,15,2915.3,359.3,12.32
2022,10,16,2868.4,344.8,12.02
2022,10,17,3241.9,593.5,18.31
2022,10,18,3068.7,420.9,13.72
2022,10,19,3048.6,573.9,18.83
2022,10,20,3131.8,551.0,17.59
2022,10,21,3173.8,529.6,16.69
2022,10,22,2935.0,393.5,13.41
2022,10,23,2751.3,475.8,17.29
2022,10,24,3036.6,783.3,25.80
2022,10,25,3036.1,563.8,18.57
2022,10,26,3150.2,610.1,19.37
2022,10,27,3191.8,503.9,15.79
2022,10,28,3180.0,485.8,15.28
2022,10,29,2786.7,588.1,21.10
2022,10,30,2731.8,524.8,19.21
2022,10,31,3099.9,490.4,15.82
2022,11,1,3073.4,371.3,12.08
2022,11,2,3134.6,454.5,14.50
2022,11,3,3227.3,309.6,9.59
2022,11,4,3125.4,548.4,17.55
2022,11,5,2707.0,503.1,18.59
2022,11,6,2649.1,357.5,13.50
2022,11,7,3105.3,372.9,12.01
2022,11,8,3134.6,354.9,11.32
2022,11,9,3243.7,348.3,10.74
2022,11,10,3280.4,253.7,7.73
2022,11,11,3312.1,345.4,10.43
2022,11,12,2895.3,475.5,16.42
2022,11,13,2749.3,397.3,14.45
2022,11,14,3169.2,501.0,15.81
2022,11,15,3220.0,495.6,15.39
2022,11,16,3182.3,391.0,12.29
2022,11,17,3247.0,528.5,16.28
2022,11,18,3220.2,652.1,20.25
2022,11,19,2834.7,388.0,13.69
2022,11,20,2733.6,360.8,13.20
2022,11,21,3191.7,308.6,9.67
2022,11,22,3252.7,445.9,13.71
2022,11,23,3181.3,370.9,11.66
2022,11,24,3155.6,396.1,12.55
2022,11,25,3142.2,548.5,17.46
2022,11,26,2686.9,572.9,21.32
2022,11,27,2697.8,555.7,20.60
2022,11,28,3248.2,558.6,17.20
2022,11,29,3319.8,383.7,11.56
2022,11,30,3062.9,677.0,22.10
2022,12,1,2994.4,446.4,14.91
2022,12,2,2931.9,451.7,15.41
2022,12,3,2734.1,428.5,15.67
2022,12,4,2625.7,412.6,15.71
2022,12,5,2948.7,490.4,16.63
2022,12,6,2954.3,448.7,15.19
2022,12,7,2990.6,513.8,17.18
2022,12,8,2971.9,497.2,16.73
2022,12,9,2953.7,580.8,19.66
2022,12,10,2689.0,418.9,15.58
2022,12,11,2597.7,601.3,23.15
2022,12,12,2946.0,495.8,16.83
2022,12,13,2964.9,553.9,18.68
2022,12,14,2986.6,478.0,16.00
2022,12,15,2997.7,449.0,14.98
2022,12,16,2969.0,427.9,14.41
2022,12,17,2724.1,444.8,16.33
2022,12,18,2733.3,355.8,13.02
2022,12,19,2938.5,354.9,12.08
2022,12,20,2949.1,337.3,11.44
2022,12,21,2945.9,384.8,13.06
2022,12,22,2933.4,391.6,13.35
2022,12,23,2900.4,432.6,14.92
2022,12,24,2677.2,399.5,14.92
2022,12,25,2681.3,436.0,16.26
2022,12,26,2912.8,451.0,15.48
2022,12,27,2927.0,471.0,16.09
2022,12,28,2901.9,369.9,12.75
2022,12,29,2937.1,364.0,12.39
2022,12,30,2857.1,445.0,15.58
2022,12,31,2618.9,403.6,15.41
2023,1,1,2563.1,389.9,15.21
2023,1,2,2644.7,451.7,17.08
2023,1,3,2948.7,560.1,18.99
2023,1,4,2961.7,530.3,17.91
2023,1,5,3008.6,380.4,12.64
2023,1,6,2939.8,429.0,14.59
2023,1,7,2777.2,476.5,17.16
2023,1,8,2642.1,341.3,12.92
2023,1,9,2951.4,374.5,12.69
2023,1,10,2985.2,347.2,11.63
2023,1,11,2948.8,370.6,12.57
2023,1,12,2985.1,242.2,8.11
2023,1,13,2984.2,419.8,14.07
2023,1,14,2736.9,403.2,14.73
2023,1,15,2597.0,506.3,19.50
2023,1,16,2867.8,479.1,16.71
2023,1,17,2867.0,457.9,15.97
2023,1,18,2804.9,570.6,20.34
2023,1,19,2561.4,684.0,26.70
2023,1,20,2375.4,593.6,24.99
2023,1,21,2224.3,491.4,22.09
2023,1,22,2157.6,531.9,24.65
2023,1,23,2145.9,666.6,31.06
2023,1,24,2271.7,464.3,20.44
2023,1,25,2344.5,377.1,16.08
2023,1,26,2394.1,531.8,22.21
2023,1,27,2465.9,481.5,19.53
2023,1,28,2549.4,407.5,15.98
2023,1,29,2587.0,421.1,16.28
2023,1,30,2815.1,556.6,19.77
2023,1,31,2851.4,435.0,15.26
2023,2,1,2872.2,388.7,13.53
2023,2,2,2897.0,478.0,16.50
2023,2,3,2875.8,480.7,16.72
2023,2,4,2776.5,501.5,18.06
2023,2,5,2608.2,475.8,18.24
2023,2,6,2947.4,224.3,7.61
2023,2,7,2955.5,447.6,15.14
2023,2,8,2944.7,507.9,17.25
2023,2,9,3003.1,306.3,10.20
2023,2,10,3004.0,650.6,21.66
2023,2,11,2674.5,408.2,15.26
2023,2,12,2624.3,380.4,14.50
2023,2,13,3073.8,339.8,11.05
2023,2,14,2920.4,445.6,15.26
2023,2,15,2936.0,358.8,12.22
2023,2,16,2941.1,349.0,11.87
2023,2,17,2928.3,449.7,15.36
2023,2,18,2798.7,361.6,12.92
2023,2,19,2620.9,516.4,19.70
2023,2,20,2919.6,371.5,12.72
2023,2,21,2964.8,281.8,9.50
2023,2,22,2944.6,370.7,12.59
2023,2,23,2956.9,333.2,11.27
2023,2,24,2891.2,552.7,19.12
2023,2,25,2652.0,484.9,18.28
2023,2,26,2564.7,431.8,16.84
2023,2,27,2518.5,608.0,24.14
2023,2,28,2628.4,440.6,16.76
2023,3,1,2899.5,531.5,18.33
2023,3,2,2905.6,436.7,15.03
2023,3,3,2885.1,597.1,20.70
2023,3,4,2637.7,445.2,16.88
2023,3,5,2576.3,461.9,17.93
2023,3,6,2917.0,440.0,15.08
2023,3,7,2941.8,473.7,16.10
2023,3,8,2942.1,411.0,13.97
2023,3,9,2964.4,629.4,21.23
2023,3,10,2967.0,587.6,19.80
2023,3,11,2668.4,437.2,16.38
2023,3,12,2597.4,636.2,24.49
2023,3,13,2917.3,532.6,18.26
2023,3,14,2968.0,542.5,18.28
2023,3,15,2994.7,586.3,19.58
2023,3,16,3037.9,467.9,15.40
2023,3,17,3032.7,459.3,15.14
2023,3,18,2661.6,510.5,19.18
2023,3,19,2635.8,403.1,15.29
2023,3,20,3064.4,433.7,14.15
2023,3,21,3121.5,500.5,16.03
2023,3,22,3231.5,402.4,12.45
2023,3,23,3214.6,676.6,21.05
2023,3,24,3179.5,398.6,12.54
2023,3,25,2925.9,827.8,28.29
2023,3,26,2612.9,515.0,19.71
2023,3,27,2977.5,464.2,15.59
2023,3,28,3010.8,507.7,16.86
2023,3,29,3054.1,378.2,12.38
2023,3,30,3036.6,484.9,15.97
2023,3,31,2971.7,556.1,18.71
2023,4,1,2694.1,453.4,16.83
2023,4,2,2568.2,554.4,21.59
2023,4,3,2569.5,466.5,18.16
2023,4,4,2640.4,445.2,16.86
2023,4,5,2685.7,371.6,13.84
2023,4,6,3081.3,249.8,8.11
2023,4,7,2973.2,735.2,24.73
2023,4,8,2657.6,624.8,23.51
2023,4,9,2610.1,488.7,18.72
2023,4,10,2987.4,445.0,14.90
2023,4,11,3098.8,339.4,10.95
2023,4,12,3160.6,562.9,17.81
2023,4,13,3222.0,582.1,18.07
2023,4,14,3237.5,513.6,15.86
2023,4,15,2812.6,397.0,14.12
2023,4,16,2778.0,363.0,13.07
2023,4,17,3282.0,368.5,11.23
2023,4,18,3363.2,331.5,9.86
2023,4,19,3395.0,341.6,10.06
2023,4,20,3268.4,242.1,7.41
2023,4,21,3208.1,544.8,16.98
2023,4,22,2775.5,562.5,20.27
2023,4,23,2739.0,479.8,17.52
2023,4,24,3157.7,803.6,25.45
2023,4,25,3114.6,637.5,20.47
2023,4,26,3037.0,862.5,28.40
2023,4,27,3093.0,659.2,21.31
2023,4,28,3199.0,825.9,25.82
2023,4,29,2842.2,392.8,13.82
2023,4,30,2621.5,615.8,23.49
2023,5,1,2694.3,749.5,27.82
2023,5,2,3254.2,793.3,24.38
2023,5,3,3380.4,637.1,18.85
2023,5,4,3436.4,656.4,19.10
2023,5,5,3558.2,637.0,17.90
2023,5,6,3090.6,955.6,30.92
2023,5,7,2814.0,526.3,18.70
2023,5,8,3114.6,883.0,28.35
2023,5,9,3037.3,728.9,24.00
2023,5,10,3131.9,822.0,26.25
2023,5,11,3171.8,621.4,19.59
2023,5,12,3205.9,609.3,19.01
2023,5,13,2746.7,852.4,31.03
2023,5,14,2696.5,468.4,17.37
2023,5,15,3122.9,690.5,22.11
2023,5,16,3264.5,570.2,17.47
2023,5,17,3392.1,560.8,16.53
2023,5,18,3510.4,451.9,12.87
2023,5,19,3375.6,470.5,13.94
2023,5,20,2951.5,450.1,15.25
2023,5,21,2948.4,376.3,12.76
2023,5,22,3535.2,462.8,13.09
2023,5,23,3197.6,915.8,28.64
2023,5,24,3282.7,692.6,21.10
2023,5,25,3359.0,630.2,18.76
2023,5,26,3445.6,574.6,16.68
2023,5,27,2974.1,832.1,27.98
2023,5,28,2962.3,368.9,12.45
2023,5,29,3582.1,512.4,14.30
2023,5,30,3638.9,465.7,12.80
2023,5,31,3556.5,468.4,13.17
2023,6,1,3456.2,685.0,19.82
2023,6,2,3619.7,540.1,14.92
2023,6,3,3200.7,595.0,18.59
2023,6,4,3070.5,302.2,9.84
2023,6,5,3629.0,600.9,16.56
2023,6,6,3683.2,637.4,17.31
2023,6,7,3713.9,554.2,14.92
2023,6,8,3722.7,519.2,13.95
2023,6,9,3654.0,551.0,15.08
2023,6,10,3193.1,716.0,22.42
2023,6,11,3027.4,404.0,13.34
2023,6,12,3452.3,573.0,16.60
2023,6,13,3535.0,577.7,16.34
2023,6,14,3591.0,492.4,13.71
2023,6,15,3435.1,606.3,17.65
2023,6,16,3528.5,535.5,15.18
2023,6,17,3426.5,465.4,13.58
2023,6,18,3150.2,369.5,11.73
2023,6,19,3684.2,673.2,18.27
2023,6,20,3796.7,598.8,15.77
2023,6,21,3810.4,597.6,15.68
2023,6,22,3234.3,436.6,13.50
2023,6,23,3160.1,931.0,29.46
2023,6,24,3170.7,921.6,29.07
2023,6,25,3210.5,342.8,10.68
2023,6,26,3807.9,525.9,13.81
2023,6,27,3801.6,527.2,13.87
2023,6,28,3751.2,449.4,11.98
2023,6,29,3834.8,551.7,14.39
2023,6,30,3769.0,613.6,16.28
2023,7,1,3289.0,908.6,27.63
2023,7,2,3192.6,461.3,14.45
2023,7,3,3810.0,697.2,18.30
2023,7,4,3864.2,726.6,18.80
2023,7,5,3930.3,670.7,17.06
2023,7,6,3933.5,646.1,16.43
2023,7,7,3924.9,698.2,17.79
2023,7,8,3481.9,878.5,25.23
2023,7,9,3379.3,401.1,11.87
2023,7,10,3927.9,542.4,13.81
2023,7,11,3960.8,407.5,10.29
2023,7,12,3864.9,526.0,13.61
2023,7,13,3905.9,467.8,11.98
2023,7,14,3918.1,449.6,11.47
2023,7,15,3478.6,780.5,22.44
2023,7,16,3286.6,329.9,10.04
2023,7,17,3908.3,457.1,11.70
2023,7,18,3872.2,319.5,8.25
2023,7,19,3890.3,396.7,10.20
2023,7,20,3877.7,465.2,12.00
2023,7,21,3840.6,662.5,17.25
2023,7,22,3367.7,968.8,28.77
2023,7,23,3173.8,886.7,27.94
2023,7,24,3772.3,674.6,17.88
2023,7,25,3858.7,663.5,17.19
2023,7,26,3691.8,438.6,11.88
2023,7,27,3395.2,539.6,15.89
2023,7,28,3219.5,629.8,19.56
2023,7,29,3132.8,960.2,30.65
2023,7,30,3068.2,448.9,14.63
2023,7,31,3621.2,728.5,20.12
2023,8,1,3667.5,718.8,19.60
2023,8,2,3666.3,565.3,15.42
2023,8,3,3431.3,816.2,23.79
2023,8,4,3695.2,516.1,13.97
2023,8,5,3173.0,493.5,15.55
2023,8,6,3267.8,340.5,10.42
2023,8,7,3874.0,405.1,10.46
2023,8,8,3796.8,441.9,11.64
2023,8,9,3796.7,602.4,15.87
2023,8,10,3812.3,388.6,10.19
2023,8,11,3688.9,655.7,17.77
2023,8,12,3255.9,985.9,30.28
2023,8,13,3166.8,507.6,16.03
2023,8,14,3706.3,623.9,16.83
2023,8,15,3788.9,557.6,14.72
2023,8,16,3619.8,627.2,17.33
2023,8,17,3697.7,514.5,13.91
2023,8,18,3618.2,554.1,15.31
2023,8,19,3158.3,849.5,26.90
2023,8,20,3107.9,455.3,14.65
2023,8,21,3742.8,782.9,20.92
2023,8,22,3852.8,642.5,16.68
2023,8,23,3820.1,683.0,17.88
2023,8,24,3828.6,518.5,13.54
2023,8,25,3811.1,672.7,17.65
2023,8,26,3409.0,770.4,22.60
2023,8,27,3203.3,491.1,15.33
2023,8,28,3800.5,687.8,18.10
2023,8,29,3921.5,575.7,14.68
2023,8,30,3881.6,484.3,12.48
2023,8,31,3782.8,515.9,13.64
2023,9,1,3836.3,496.5,12.94
2023,9,2,3292.6,755.3,22.94
2023,9,3,2973.3,652.8,21.96
2023,9,4,3156.4,1021.0,32.35
2023,9,5,3681.6,562.9,15.29
2023,9,6,3681.4,706.4,19.19
2023,9,7,3564.6,759.7,21.31
2023,9,8,3497.4,682.8,19.52
2023,9,9,3043.2,936.9,30.79
2023,9,10,2988.9,750.2,25.10
2023,9,11,3509.8,1024.1,29.18
2023,9,12,3635.9,778.1,21.40
2023,9,13,3648.8,686.8,18.82
2023,9,14,3661.0,556.5,15.20
2023,9,15,3698.4,542.6,14.67
2023,9,16,3232.7,695.6,21.52
2023,9,17,3158.6,341.0,10.80
2023,9,18,3715.7,529.1,14.24
2023,9,19,3754.0,513.4,13.68
2023,9,20,3776.2,529.4,14.02
2023,9,21,3745.1,567.9,15.16
2023,9,22,3835.7,525.7,13.71
2023,9,23,3674.3,572.5,15.58
2023,9,24,3237.5,355.4,10.98
2023,9,25,3809.2,593.8,15.59
2023,9,26,3742.4,650.7,17.39
2023,9,27,3804.1,612.5,16.10
2023,9,28,3801.2,477.8,12.57
2023,9,29,3177.1,877.2,27.61
2023,9,30,3087.1,699.3,22.65
2023,10,1,3049.8,593.8,19.47
2023,10,2,3548.4,775.2,21.85
2023,10,3,3449.4,919.5,26.66
2023,10,4,3428.9,566.6,16.52
2023,10,5,3024.2,741.9,24.53
2023,10,6,3461.6,504.5,14.57
2023,10,7,3017.4,813.3,26.95
2023,10,8,2817.7,566.5,20.11
2023,10,9,2755.6,760.6,27.60
2023,10,10,2880.0,648.8,22.53
2023,10,11,3271.1,802.8,24.54
2023,10,12,3284.8,1010.4,30.76
2023,10,13,3331.7,940.3,28.22
2023,10,14,2909.6,922.6,31.71
2023,10,15,2773.9,600.3,21.64
2023,10,16,3204.2,671.3,20.95
2023,10,17,3228.2,677.3,20.98
2023,10,18,3378.5,458.3,13.57
2023,10,19,3422.8,527.0,15.40
2023,10,20,3378.3,673.6,19.94
2023,10,21,2786.7,578.6,20.76
2023,10,22,2742.9,513.2,18.71
2023,10,23,3303.1,629.7,19.06
2023,10,24,3407.8,558.9,16.40
2023,10,25,3455.7,521.7,15.10
2023,10,26,3427.7,576.7,16.82
2023,10,27,3241.0,694.1,21.42
2023,10,28,2773.6,593.3,21.39
2023,10,29,2679.2,678.0,25.31
2023,10,30,3199.7,950.5,29.71
2023,10,31,3224.6,916.7,28.43
2023,11,1,3287.0,708.4,21.55
2023,11,2,3317.5,665.9,20.07
2023,11,3,3320.0,660.1,19.88
2023,11,4,2907.4,421.4,14.49
2023,11,5,2837.6,314.6,11.09
2023,11,6,3385.3,446.0,13.17
2023,11,7,3230.7,749.3,23.19
2023,11,8,3350.3,632.7,18.88
2023,11,9,3375.0,558.7,16.55
2023,11,10,3402.3,617.3,18.14
2023,11,11,2840.1,597.6,21.04
2023,11,12,2677.3,563.8,21.06
2023,11,13,2968.5,709.0,23.88
2023,11,14,3013.9,780.3,25.89
2023,11,15,3059.5,742.9,24.28
2023,11,16,3116.3,758.0,24.32
2023,11,17,2891.9,1047.7,36.23
2023,11,18,2630.9,665.4,25.29
2023,11,19,2569.0,559.1,21.76
2023,11,20,2926.0,481.0,16.44
2023,11,21,3006.9,531.5,17.68
2023,11,22,3040.4,728.2,23.95
2023,11,23,3040.1,809.6,26.63
2023,11,24,2951.0,999.7,33.88
2023,11,25,2692.3,558.2,20.73
2023,11,26,2634.0,465.8,17.68
2023,11,27,2983.1,396.1,13.28
2023,11,28,3002.5,753.3,25.09
2023,11,29,3028.8,604.0,19.94
2023,11,30,3021.1,762.0,25.22
2023,12,1,2917.2,765.6,26.24
2023,12,2,2674.8,493.4,18.45
2023,12,3,2631.6,477.2,18.13
2023,12,4,2999.5,510.2,17.01
2023,12,5,2999.8,566.8,18.89
2023,12,6,3005.6,554.1,18.44
2023,12,7,2950.9,542.7,18.39
2023,12,8,3006.8,471.4,15.68
2023,12,9,2740.4,284.2,10.37
2023,12,10,2714.8,332.3,12.24
2023,12,11,3123.6,459.8,14.72
2023,12,12,3075.8,721.5,23.46
2023,12,13,3067.3,559.3,18.23
2023,12,14,3137.7,379.9,12.11
2023,12,15,3149.2,456.1,14.48
2023,12,16,2657.8,498.6,18.76
2023,12,17,2610.7,492.3,18.86
2023,12,18,2923.5,392.2,13.42
2023,12,19,2974.0,696.7,23.43
2023,12,20,2939.1,734.7,25.00
2023,12,21,2927.5,467.2,15.96
2023,12,22,2883.2,580.2,20.12
2023,12,23,2751.5,498.6,18.12
2023,12,24,2671.8,555.4,20.79
2023,12,25,2849.9,523.6,18.37
2023,12,26,2903.2,420.1,14.47
2023,12,27,2888.2,545.6,18.89
2023,12,28,2923.6,697.7,23.86
2023,12,29,2802.3,620.9,22.16
2023,12,30,2667.8,340.7,12.77
2023,12,31,2503.5,612.2,24.45
2024,1,1,2532.8,543.1,21.44
2024,1,2,2870.3,409.7,14.27
2024,1,3,2899.6,521.2,17.97
2024,1,4,2933.7,425.9,14.52
2024,1,5,2894.6,498.4,17.22
2024,1,6,2667.9,483.8,18.13
2024,1,7,2601.3,553.3,21.27
2024,1,8,2896.7,509.6,17.59
2024,1,9,2945.3,414.5,14.07
2024,1,10,2881.5,456.9,15.86
2024,1,11,2906.6,498.3,17.14
2024,1,12,2876.6,767.3,26.67
2024,1,13,2630.2,631.7,24.02
2024,1,14,2611.7,471.0,18.03
2024,1,15,2898.7,703.4,24.27
2024,1,16,2919.5,474.2,16.24
2024,1,17,2975.5,297.6,10.00
2024,1,18,2974.6,496.1,16.68
2024,1,19,2967.6,905.5,30.51
2024,1,20,2709.2,496.1,18.31
2024,1,21,2594.0,609.7,23.50
2024,1,22,2932.9,380.4,12.97
2024,1,23,3007.3,306.6,10.20
2024,1,24,3007.5,291.4,9.69
2024,1,25,3031.6,313.9,10.35
2024,1,26,2904.8,504.4,17.36
2024,1,27,2757.3,423.0,15.34
2024,1,28,2718.2,400.4,14.73
2024,1,29,2900.9,355.0,12.24
2024,1,30,2951.1,528.2,17.90
2024,1,31,2983.1,437.4,14.66
2024,2,1,2975.3,523.6,17.60
2024,2,2,2941.3,670.5,22.80
2024,2,3,2729.9,438.6,16.07
2024,2,4,2685.2,326.9,12.17
2024,2,5,2897.4,672.4,23.21
2024,2,6,2832.2,839.1,29.63
2024,2,7,2686.5,957.3,35.63
2024,2,8,2421.4,489.5,20.22
2024,2,9,2305.5,430.6,18.68
2024,2,10,2276.0,366.2,16.09
2024,2,11,2234.6,557.6,24.95
2024,2,12,2291.2,345.1,15.06
2024,2,13,2364.9,393.0,16.62
2024,2,14,2464.8,421.7,17.11
2024,2,15,2826.4,836.1,29.58
2024,2,16,2802.4,646.2,23.06
2024,2,17,2771.4,260.4,9.40
2024,2,18,2635.4,400.1,15.18
2024,2,19,3057.0,740.7,24.23
2024,2,20,3129.2,553.8,17.70
2024,2,21,3144.4,645.9,20.54
2024,2,22,3096.1,703.7,22.73
2024,2,23,2970.1,520.0,17.51
2024,2,24,2664.1,398.3,14.95
2024,2,25,2614.4,463.7,17.74
2024,2,26,2928.9,396.2,13.53
2024,2,27,2934.2,723.7,24.66
2024,2,28,2780.0,460.4,16.56
2024,2,29,2969.4,695.8,23.43
2024,3,1,2916.9,664.8,22.79
2024,3,2,2753.1,354.8,12.89
2024,3,3,2686.5,282.8,10.53
2024,3,4,3001.0,562.2,18.73
2024,3,5,3112.8,615.1,19.76
2024,3,6,3056.7,858.4,28.08
2024,3,7,2960.9,743.4,25.11
2024,3,8,2919.1,841.9,28.84
2024,3,9,2695.8,510.0,18.92
2024,3,10,2672.7,347.7,13.01
2024,3,11,3012.4,245.1,8.14
2024,3,12,2965.1,733.7,24.74
2024,3,13,2980.4,749.2,25.14
2024,3,14,3012.1,562.3,18.67
2024,3,15,3025.9,560.8,18.53
2024,3,16,2741.0,378.9,13.82
2024,3,17,2702.0,407.4,15.08
2024,3,18,3022.7,675.5,22.35
2024,3,19,2991.4,644.2,21.54
2024,3,20,2944.5,730.0,24.79
2024,3,21,2985.2,480.1,16.08
2024,3,22,3062.2,439.6,14.36
2024,3,23,2836.7,315.0,11.10
2024,3,24,2816.9,262.4,9.32
2024,3,25,3322.9,488.8,14.71
2024,3,26,3217.7,898.4,27.92
2024,3,27,3140.3,828.5,26.38
2024,3,28,3278.2,433.7,13.23
2024,3,29,3224.8,686.2,21.28
2024,3,30,2864.7,298.8,10.43
2024,3,31,2827.9,455.0,16.09
2024,4,1,3252.2,641.8,19.73
2024,4,2,3414.4,821.9,24.07
2024,4,3,3336.9,738.5,22.13
2024,4,4,2862.3,321.1,11.22
2024,4,5,2673.0,427.1,15.98
2024,4,6,2761.4,229.2,8.30
2024,4,7,2770.3,411.4,14.85
2024,4,8,3282.3,568.0,17.30
2024,4,9,3113.5,746.5,23.98
2024,4,10,3193.8,721.7,22.60
2024,4,11,3259.4,738.4,22.65
2024,4,12,3346.7,543.1,16.23
2024,4,13,2966.0,589.3,19.87
2024,4,14,2937.0,247.3,8.42
2024,4,15,3527.5,569.4,16.14
2024,4,16,3567.1,497.6,13.95
2024,4,17,3547.1,627.9,17.70
2024,4,18,3410.4,916.5,26.87
2024,4,19,3484.3,693.3,19.90
2024,4,20,3077.4,1098.8,35.71
2024,4,21,2950.1,366.0,12.41
2024,4,22,3529.9,410.3,11.62
2024,4,23,3407.9,417.7,12.26
2024,4,24,3317.1,527.1,15.89
2024,4,25,3301.8,635.0,19.23
2024,4,26,3258.8,410.9,12.61
2024,4,27,2899.5,454.7,15.68
2024,4,28,2840.1,477.9,16.83
2024,4,29,3439.1,821.2,23.88
2024,4,30,3613.2,568.5,15.73
2024,5,1,2947.1,765.9,25.99
2024,5,2,3231.8,1173.9,36.32
2024,5,3,3306.9,935.7,28.30
2024,5,4,3028.3,1025.7,33.87
2024,5,5,2975.2,383.9,12.90
2024,5,6,3553.2,713.3,20.07
2024,5,7,3573.6,818.0,22.89
2024,5,8,3521.9,833.5,23.67
2024,5,9,3305.6,1193.6,36.11
2024,5,10,3429.1,829.2,24.18
2024,5,11,3030.4,1067.8,35.24
2024,5,12,2976.2,329.4,11.07
2024,5,13,3225.0,1112.1,34.48
2024,5,14,3172.6,1018.1,32.09
2024,5,15,3292.5,999.7,30.36
2024,5,16,3250.3,970.5,29.86
2024,5,17,3326.5,827.5,24.88
2024,5,18,2949.7,835.2,28.31
2024,5,19,2890.5,444.7,15.38
2024,5,20,3393.0,519.6,15.31
2024,5,21,3489.1,568.4,16.29
2024,5,22,3485.3,603.6,17.32
2024,5,23,3498.3,608.4,17.39
2024,5,24,3459.5,477.1,13.79
2024,5,25,3120.0,818.9,26.25
2024,5,26,2974.2,423.7,14.25
2024,5,27,3488.6,641.6,18.39
2024,5,28,3299.6,740.3,22.44
2024,5,29,3362.8,1042.3,31.00
2024,5,30,3564.1,597.6,16.77
2024,5,31,3652.4,648.5,17.76
2024,6,1,3253.9,538.1,16.54
2024,6,2,2905.7,506.4,17.43
2024,6,3,3256.6,855.6,26.27
2024,6,4,3337.7,616.1,18.46
2024,6,5,3306.6,604.9,18.29
2024,6,6,3369.6,501.1,14.87
2024,6,7,3465.6,810.3,23.38
2024,6,8,3127.5,956.9,30.60
2024,6,9,2998.4,284.5,9.49
2024,6,10,3102.4,356.4,11.49
2024,6,11,3686.2,663.4,18.00
2024,6,12,3761.9,705.5,18.75
2024,6,13,3779.3,630.1,16.67
2024,6,14,3723.4,507.1,13.62
2024,6,15,3453.7,1004.8,29.09
2024,6,16,3259.5,420.8,12.91
2024,6,17,3842.4,780.8,20.32
2024,6,18,3840.6,756.5,19.70
2024,6,19,3886.1,746.4,19.21
2024,6,20,3965.0,666.4,16.81
2024,6,21,4063.3,625.8,15.40
2024,6,22,3644.4,895.7,24.58
2024,6,23,3438.7,1202.2,34.96
2024,6,24,4054.8,675.2,16.65
2024,6,25,4047.5,515.5,12.74
2024,6,26,4028.7,595.3,14.78
2024,6,27,4041.3,634.2,15.69
2024,6,28,4057.5,722.4,17.80
2024,6,29,3509.9,1236.3,35.22
2024,6,30,3374.0,476.0,14.11
2024,7,1,4027.9,825.7,20.50
2024,7,2,4118.1,662.9,16.10
2024,7,3,4087.6,381.1,9.32
2024,7,4,4104.6,542.4,13.21
2024,7,5,4109.2,440.1,10.71
2024,7,6,3664.6,542.7,14.81
2024,7,7,3386.1,650.4,19.21
2024,7,8,4005.3,549.4,13.72
2024,7,9,3927.7,664.0,16.91
2024,7,10,3968.1,792.6,19.97
2024,7,11,3991.7,747.6,18.73
2024,7,12,4054.1,733.9,18.10
2024,7,13,3612.4,955.9,26.46
2024,7,14,3419.6,319.1,9.33
2024,7,15,4103.3,549.3,13.39
2024,7,16,4106.7,577.1,14.05
2024,7,17,4105.7,446.5,10.88
2024,7,18,4099.9,497.4,12.13
2024,7,19,4132.0,476.3,11.53
2024,7,20,3676.8,722.0,19.64
2024,7,21,3456.6,966.7,27.97
2024,7,22,4119.1,574.2,13.94
2024,7,23,4142.1,534.4,12.90
2024,7,24,3159.3,669.4,21.19
2024,7,25,2853.7,789.4,27.66
2024,7,26,3415.6,538.0,15.75
2024,7,27,3255.7,943.8,28.99
2024,7,28,3229.0,413.2,12.80
2024,7,29,3778.2,604.5,16.00
2024,7,30,3853.9,590.3,15.32
2024,7,31,3880.1,666.0,17.16
2024,8,1,3978.3,778.4,19.57
2024,8,2,3984.7,750.6,18.84
2024,8,3,3606.6,919.0,25.48
2024,8,4,3459.8,232.8,6.73
2024,8,5,4053.3,591.2,14.59
2024,8,6,3912.0,313.2,8.01
2024,8,7,3940.0,595.0,15.10
2024,8,8,3890.1,711.5,18.29
2024,8,9,3848.6,577.7,15.01
2024,8,10,3311.7,995.1,30.05
2024,8,11,3289.4,489.9,14.89
2024,8,12,3869.5,714.2,18.46
2024,8,13,3982.4,509.7,12.80
2024,8,14,3931.3,652.5,16.60
2024,8,15,3746.2,381.0,10.17
2024,8,16,3784.1,722.4,19.09
2024,8,17,3216.0,898.4,27.94
2024,8,18,3167.5,529.9,16.73
2024,8,19,3709.2,690.7,18.62
2024,8,20,3851.3,600.7,15.60
2024,8,21,3902.9,918.1,23.52
2024,8,22,3888.1,846.9,21.78
2024,8,23,3932.6,728.3,18.52
2024,8,24,3485.5,732.2,21.01
2024,8,25,3252.4,442.4,13.60
2024,8,26,3866.3,708.9,18.34
2024,8,27,3969.7,761.8,19.19
2024,8,28,4009.9,656.6,16.37
2024,8,29,4006.6,638.6,15.94
2024,8,30,3969.1,662.3,16.69
2024,8,31,3553.7,898.7,25.29
2024,9,1,3391.0,478.1,14.10
2024,9,2,4019.6,780.1,19.41
2024,9,3,3993.6,719.3,18.01
2024,9,4,4047.4,378.2,9.34
2024,9,5,4023.7,331.9,8.25
2024,9,6,4099.5,415.9,10.15
2024,9,7,3379.3,865.8,25.62
2024,9,8,3180.2,1063.6,33.44
2024,9,9,3850.1,626.5,16.27
2024,9,10,3900.5,628.2,16.11
2024,9,11,3983.9,536.4,13.46
2024,9,12,3931.1,410.2,10.43
2024,9,13,3924.7,621.4,15.83
2024,9,14,3220.8,980.2,30.43
2024,9,15,3190.2,261.3,8.19
2024,9,16,3704.2,688.2,18.58
2024,9,17,3354.1,976.1,29.10
2024,9,18,3892.8,708.8,18.21
2024,9,19,3939.1,440.1,11.17
2024,9,20,3891.3,452.9,11.64
2024,9,21,3262.7,525.4,16.10
2024,9,22,3024.3,697.4,23.06
2024,9,23,3690.8,807.2,21.87
2024,9,24,3739.7,701.3,18.75
2024,9,25,3740.5,631.1,16.87
2024,9,26,3716.8,806.4,21.70
2024,9,27,3717.7,621.6,16.72
2024,9,28,3203.2,1183.9,36.96
2024,9,29,3136.7,369.6,11.78
2024,9,30,3643.5,617.8,16.96
2024,10,1,3500.8,601.8,17.19
2024,10,2,2797.1,1126.0,40.26
2024,10,3,2583.5,971.5,37.60
2024,10,4,3258.1,964.7,29.61
2024,10,5,3099.6,913.6,29.47
2024,10,6,3029.5,332.0,10.96
2024,10,7,3529.1,787.8,22.32
2024,10,8,3447.1,924.4,26.82
2024,10,9,3373.6,944.8,28.01
2024,10,10,2897.9,1236.8,42.68
2024,10,11,3155.5,897.0,28.43
2024,10,12,2955.3,1190.8,40.29
2024,10,13,2934.9,420.8,14.34
2024,10,14,3543.2,236.1,6.66
2024,10,15,3633.7,327.8,9.02
2024,10,16,3632.2,581.7,16.02
2024,10,17,3661.4,438.9,11.99
2024,10,18,3699.4,451.7,12.21
2024,10,19,3244.8,642.7,19.81
2024,10,20,2937.2,523.2,17.81
2024,10,21,3537.1,793.7,22.44
2024,10,22,3538.2,755.5,21.35
2024,10,23,3356.6,701.5,20.90
2024,10,24,3264.2,411.2,12.60
2024,10,25,3501.4,495.0,14.14
2024,10,26,3160.7,648.0,20.50
2024,10,27,3018.4,337.4,11.18
2024,10,28,3348.5,488.1,14.58
2024,10,29,3354.7,894.6,26.67
2024,10,30,3382.6,727.5,21.51
2024,10,31,2713.1,691.5,25.49
2024,11,1,3322.1,321.1,9.67
2024,11,2,2929.6,925.9,31.60
2024,11,3,2837.7,458.9,16.17
2024,11,4,3312.5,652.9,19.71
2024,11,5,3273.6,437.0,13.35
2024,11,6,3165.6,642.8,20.31
2024,11,7,3166.6,687.6,21.71
2024,11,8,3156.4,576.9,18.28
2024,11,9,2909.8,446.4,15.34
2024,11,10,2800.3,453.9,16.21
2024,11,11,3264.7,677.1,20.74
2024,11,12,3305.5,382.9,11.58
2024,11,13,3407.4,587.9,17.25
2024,11,14,3424.7,345.1,10.08
2024,11,15,3426.1,288.5,8.42
2024,11,16,2953.4,412.8,13.98
2024,11,17,2846.7,414.2,14.55
2024,11,18,3162.0,437.9,13.85
2024,11,19,3149.8,581.2,18.45
2024,11,20,3146.1,642.7,20.43
2024,11,21,3111.2,764.5,24.57
2024,11,22,3096.2,866.5,27.99
2024,11,23,2769.4,601.9,21.73
2024,11,24,2711.0,518.8,19.14
2024,11,25,3127.4,728.9,23.31
2024,11,26,3091.2,877.1,28.37
2024,11,27,2999.9,959.9,32.00
2024,11,28,2948.5,580.3,19.68
2024,11,29,2922.8,1079.3,36.93
2024,11,30,2707.4,371.7,13.73
2024,12,1,2655.4,290.2,10.93
2024,12,2,3026.1,435.0,14.37
2024,12,3,3066.3,722.5,23.56
2024,12,4,3058.7,848.2,27.73
2024,12,5,3049.6,799.2,26.21
2024,12,6,3093.6,821.5,26.55
2024,12,7,2766.9,423.9,15.32
2024,12,8,2652.1,557.1,21.01
2024,12,9,2956.4,518.0,17.52
2024,12,10,3023.7,881.9,29.17
2024,12,11,3065.0,747.8,24.40
2024,12,12,3021.2,870.7,28.82
2024,12,13,3039.0,684.6,22.53
2024,12,14,2763.5,351.9,12.73
2024,12,15,2701.9,341.7,12.65
2024,12,16,2953.8,250.5,8.48
2024,12,17,2988.5,793.1,26.54
2024,12,18,2981.7,338.0,11.34
2024,12,19,3014.2,311.1,10.32
2024,12,20,2955.2,999.1,33.81
2024,12,21,2794.2,407.4,14.58
2024,12,22,2756.2,382.7,13.89
2024,12,23,3013.2,336.6,11.17
2024,12,24,3011.5,382.2,12.69
2024,12,25,2993.4,469.4,15.68
2024,12,26,2972.2,777.8,26.17
2024,12,27,2967.1,601.9,20.29
2024,12,28,2763.2,502.8,18.20
2024,12,29,2706.0,480.0,17.74
2024,12,30,2887.7,351.8,12.18
2024,12,31,2876.2,1042.9,36.26
2025,1,1,2799.4,307.0,10.97
2025,1,2,2961.7,450.4,15.21
2025,1,3,2964.9,786.6,26.53
2025,1,4,2748.2,362.2,13.18
2025,1,5,2716.0,409.9,15.09
2025,1,6,2912.9,540.0,18.54
2025,1,7,2974.8,443.3,14.90
2025,1,8,2985.1,445.0,14.91
2025,1,9,2993.1,518.8,17.33
2025,1,10,2957.9,1040.9,35.19
2025,1,11,2819.9,452.1,16.03
2025,1,12,2780.2,416.9,15.00
2025,1,13,2955.5,448.0,15.16
2025,1,14,3009.5,257.6,8.56
2025,1,15,3020.2,719.1,23.81
2025,1,16,3026.3,429.2,14.18
2025,1,17,2945.0,453.8,15.41
2025,1,18,2821.1,449.5,15.93
2025,1,19,2770.4,469.3,16.94
2025,1,20,2935.4,579.3,19.73
2025,1,21,2919.6,359.1,12.30
2025,1,22,2926.3,660.8,22.58
2025,1,23,2864.6,767.4,26.79
2025,1,24,2714.2,1437.3,52.95
2025,1,25,2614.6,612.0,23.41
2025,1,26,2574.9,674.0,26.18
2025,1,27,2499.4,715.6,28.63
2025,1,28,2358.9,720.5,30.54
2025,1,29,2347.3,627.1,26.72
2025,1,30,2333.6,744.9,31.92
2025,1,31,2404.2,609.5,25.35
2025,2,1,2489.8,845.1,33.94
2025,2,2,2561.2,853.1,33.31
2025,2,3,2888.4,671.2,23.24
2025,2,4,2950.7,642.1,21.76
2025,2,5,2940.3,465.1,15.82
2025,2,6,2954.6,408.1,13.81
2025,2,7,2973.8,740.5,24.90
2025,2,8,2948.3,327.1,11.09
2025,2,9,2860.2,449.7,15.72
2025,2,10,2946.7,503.8,17.10
2025,2,11,2957.0,433.3,14.65
2025,2,12,3007.4,334.4,11.12
2025,2,13,3009.8,557.3,18.52
2025,2,14,2975.9,796.1,26.75
2025,2,15,2735.1,458.6,16.77
2025,2,16,2698.0,539.4,19.99
2025,2,17,2920.6,800.8,27.42
2025,2,18,2974.6,785.5,26.41
2025,2,19,2978.2,1083.6,36.38
2025,2,20,2999.1,933.3,31.12
2025,2,21,2996.0,970.3,32.39
2025,2,22,2761.9,474.2,17.17
2025,2,23,2765.9,432.4,15.63
2025,2,24,2982.3,508.4,17.05
2025,2,25,2971.5,1145.7,38.56
2025,2,26,2969.0,645.5,21.74
2025,2,27,2973.1,849.3,28.57
2025,2,28,2748.4,305.7,11.12
2025,3,1,2724.6,297.3,10.91
2025,3,2,2746.8,313.8,11.42
2025,3,3,3199.5,290.9,9.09
2025,3,4,3226.5,654.7,20.29
2025,3,5,3111.9,979.3,31.47
2025,3,6,3048.5,659.7,21.64
2025,3,7,3027.8,992.8,32.79
2025,3,8,2785.2,554.4,19.91
2025,3,9,2738.4,471.8,17.23
2025,3,10,3017.8,629.0,20.84
2025,3,11,3120.4,970.0,31.09
2025,3,12,3199.8,433.2,13.54
2025,3,13,3256.3,626.2,19.23
2025,3,14,3202.9,916.5,28.61
2025,3,15,2855.6,418.9,14.67
2025,3,16,2716.0,378.4,13.93
2025,3,17,2978.2,305.5,10.26
2025,3,18,3028.9,517.2,17.08
2025,3,19,2999.5,860.8,28.70
2025,3,20,2945.6,1313.9,44.61
2025,3,21,2963.4,1204.1,40.63
2025,3,22,2731.6,418.2,15.31
2025,3,23,2698.9,346.8,12.85
2025,3,24,3048.8,711.1,23.32
2025,3,25,3123.1,736.0,23.57
2025,3,26,3239.8,838.2,25.87
2025,3,27,3336.1,1031.7,30.93
2025,3,28,3165.1,885.0,27.96
2025,3,29,2755.0,551.6,20.02
2025,3,30,2708.7,487.7,18.00
2025,3,31,2988.9,747.3,25.00
2025,4,1,3011.9,1044.0,34.66
2025,4,2,2957.1,1051.8,35.57
2025,4,3,2708.4,667.2,24.63
2025,4,4,2667.2,344.0,12.90
2025,4,5,2671.4,348.8,13.06
2025,4,6,2677.1,510.5,19.07
2025,4,7,3119.0,471.3,15.11
2025,4,8,3189.1,667.8,20.94
2025,4,9,3245.5,631.2,19.45
2025,4,10,3261.7,509.8,15.63
2025,4,11,3332.1,383.5,11.51
2025,4,12,2966.6,516.8,17.42
2025,4,13,2691.8,334.4,12.42
2025,4,14,3138.7,842.2,26.83
2025,4,15,3184.3,814.7,25.58
2025,4,16,3244.8,583.3,17.98
2025,4,17,3364.3,655.3,19.48
2025,4,18,3410.5,792.6,23.24
2025,4,19,3060.6,743.7,24.30
2025,4,20,2926.6,429.4,14.67
2025,4,21,3528.1,811.8,23.01
2025,4,22,3590.3,535.8,14.92
2025,4,23,3523.6,773.5,21.95
2025,4,24,3426.9,439.0,12.81
2025,4,25,3338.0,694.5,20.81
2025,4,26,2871.9,585.6,20.39
2025,4,27,2875.8,288.8,10.04
2025,4,28,3254.4,516.0,15.86
2025,4,29,3268.6,732.7,22.42
2025,4,30,3352.4,898.5,26.80
2025,5,1,3005.3,427.4,14.22
2025,5,2,3295.2,1040.7,31.58
2025,5,3,3025.4,776.1,25.65
2025,5,4,2989.4,204.6,6.84
2025,5,5,3587.4,667.1,18.60
2025,5,6,3666.0,684.1,18.66
2025,5,7,3406.6,660.1,19.38
2025,5,8,3584.7,769.3,21.46
2025,5,9,3722.3,619.4,16.64
2025,5,10,3075.8,870.2,28.29
2025,5,11,2785.9,647.7,23.25
2025,5,12,3238.6,731.1,22.57
2025,5,13,3448.0,839.2,24.34
2025,5,14,3530.5,984.2,27.88
2025,5,15,3602.8,959.6,26.63
2025,5,16,3708.8,751.4,20.26
2025,5,17,3353.3,907.5,27.06
2025,5,18,3202.5,297.9,9.30
2025,5,19,3752.2,704.3,18.77
2025,5,20,3851.0,681.6,17.70
2025,5,21,3890.8,516.2,13.27
2025,5,22,3917.0,710.4,18.14
2025,5,23,3900.6,801.4,20.55
2025,5,24,3243.1,893.4,27.55
2025,5,25,2853.2,786.1,27.55
2025,5,26,3197.3,1236.4,38.67
2025,5,27,3514.6,807.4,22.97
2025,5,28,3492.1,768.0,21.99
2025,5,29,3383.5,458.1,13.54
2025,5,30,2840.5,1620.9,57.06
2025,5,31,2976.5,239.0,8.03
2025,6,1,3102.6,475.1,15.31
2025,6,2,3671.9,601.3,16.38
2025,6,3,3653.4,338.9,9.28
2025,6,4,3487.9,669.0,19.18
2025,6,5,3517.1,579.8,16.49
2025,6,6,3622.8,663.4,18.31
2025,6,7,3364.1,1049.7,31.20
2025,6,8,3302.1,299.2,9.06
2025,6,9,3849.8,641.5,16.66
2025,6,10,3955.6,642.7,16.25
2025,6,11,4039.4,605.0,14.98
2025,6,12,3820.5,453.3,11.86
2025,6,13,3540.6,382.6,10.81
2025,6,14,3358.2,759.0,22.60
2025,6,15,3338.8,448.9,13.44
2025,6,16,3877.0,644.3,16.62
2025,6,17,3848.8,432.9,11.25
2025,6,18,3966.0,368.1,9.28
2025,6,19,3943.0,646.5,16.40
2025,6,20,3926.7,691.6,17.61
2025,6,21,3517.3,959.8,27.29
2025,6,22,3346.2,284.7,8.51
2025,6,23,3969.2,748.6,18.86
2025,6,24,4010.6,523.8,13.06
2025,6,25,4034.2,673.7,16.70
2025,6,26,3981.9,684.1,17.18
2025,6,27,3960.1,735.4,18.57
2025,6,28,3407.9,1004.2,29.47
2025,6,29,3253.8,898.3,27.61
2025,6,30,3920.7,637.4,16.26
2025,7,1,4046.1,754.1,18.64
2025,7,2,4091.7,588.0,14.37
2025,7,3,4069.9,658.8,16.19
2025,7,4,4056.2,410.7,10.13
2025,7,5,3494.8,876.8,25.09
2025,7,6,3086.2,785.3,25.45
2025,7,7,3056.9,890.2,29.12
2025,7,8,3609.4,703.6,19.49
2025,7,9,3470.4,650.6,18.75
2025,7,10,3465.7,483.1,13.94
2025,7,11,3513.3,613.6,17.47
2025,7,12,3309.7,1215.2,36.72
2025,7,13,3276.8,401.2,12.24
2025,7,14,3782.5,843.6,22.30
2025,7,15,3874.7,665.6,17.18
2025,7,16,3948.0,813.8,20.61
2025,7,17,4018.5,729.9,18.16
2025,7,18,4015.4,673.1,16.76
2025,7,19,3317.7,429.0,12.93
2025,7,20,3174.7,523.3,16.48
2025,7,21,3617.7,799.2,22.09
2025,7,22,3705.8,537.0,14.49
2025,7,23,3875.0,882.3,22.77
2025,7,24,3888.0,793.0,20.40
2025,7,25,3761.0,991.7,26.37
2025,7,26,3317.0,1023.4,30.85
2025,7,27,3275.2,634.6,19.38
2025,7,28,3698.6,515.6,13.94
2025,7,29,3562.0,821.8,23.07
2025,7,30,3786.6,635.0,16.77
2025,7,31,3744.9,683.2,18.24
2025,8,1,3769.8,676.4,17.94
2025,8,2,3238.2,745.1,23.01
2025,8,3,3149.0,538.4,17.10
2025,8,4,3652.4,542.0,14.84
2025,8,5,3780.7,824.8,21.82
2025,8,6,3863.1,842.0,21.80
2025,8,7,3880.8,812.7,20.94
2025,8,8,3910.5,850.1,21.74
2025,8,9,3548.7,822.3,23.17
2025,8,10,3322.1,502.5,15.13
2025,8,11,3916.3,909.6,23.23
2025,8,12,3956.4,664.1,16.79
2025,8,13,3609.3,759.6,21.05
2025,8,14,3911.3,687.6,17.58
2025,8,15,3944.1,712.4,18.06
2025,8,16,3518.9,892.7,25.37
2025,8,17,3344.7,269.4,8.05
2025,8,18,3964.9,742.0,18.71
2025,8,19,3992.3,702.3,17.59
2025,8,20,3985.8,709.1,17.79
2025,8,21,3877.2,897.5,23.15
2025,8,22,3931.6,815.1,20.73
2025,8,23,3512.5,1185.4,33.75
2025,8,24,3379.7,979.3,28.98
2025,8,25,4007.4,686.5,17.13
2025,8,26,4027.1,696.4,17.29
2025,8,27,3818.6,582.3,15.25
2025,8,28,3932.6,614.6,15.63
2025,8,29,3972.5,713.9,17.97
2025,8,30,3521.4,1063.0,30.19
2025,8,31,3368.2,336.4,9.99
2025,9,1,3819.2,618.4,16.19
2025,9,2,3856.8,617.5,16.01
2025,9,3,3909.6,723.2,18.50
2025,9,4,3931.4,758.9,19.30
2025,9,5,3940.4,654.0,16.60
2025,9,6,3623.4,861.7,23.78
2025,9,7,3363.3,947.1,28.16
2025,9,8,3914.3,660.3,16.87
2025,9,9,3963.4,519.3,13.10
2025,9,10,4073.0,367.6,9.03
2025,9,11,3966.0,633.7,15.98
2025,9,12,3966.2,613.0,15.46
2025,9,13,3517.5,789.1,22.43
2025,9,14,3357.6,256.6,7.64
2025,9,15,3961.8,491.1,12.40
2025,9,16,3971.4,336.9,8.48
2025,9,17,3987.9,423.3,10.61
2025,9,18,3899.8,238.3,6.11
2025,9,19,3949.5,414.7,10.50
2025,9,20,3519.5,857.8,24.37
2025,9,21,3332.1,292.5,8.78
2025,9,22,3851.9,567.3,14.73
2025,9,23,3576.5,217.4,6.08
2025,9,24,3760.5,354.8,9.43
2025,9,25,3909.7,625.4,16.00
2025,9,26,3721.7,313.8,8.43
2025,9,27,3432.3,720.1,20.98
2025,9,28,3267.0,220.1,6.74
2025,9,29,3325.0,834.7,25.10
2025,9,30,3909.5,550.0,14.07
2025,10,1,3922.4,478.1,12.19
2025,10,2,3885.9,565.0,14.54
2025,10,3,3900.4,441.7,11.32
2025,10,4,3525.3,852.5,24.18
2025,10,5,3267.2,939.8,28.76
2025,10,6,3291.0,312.5,9.50
2025,10,7,3881.3,696.8,17.95
2025,10,8,3855.9,644.1,16.70
2025,10,9,3822.3,819.8,21.45
2025,10,10,3411.0,862.6,25.29
2025,10,11,3332.8,781.5,23.45
2025,10,12,3282.6,295.3,9.00
2025,10,13,3875.3,581.7,15.01
2025,10,14,3910.4,544.0,13.91
2025,10,15,3867.5,572.8,14.81
2025,10,16,3890.2,588.5,15.13
2025,10,17,3893.5,515.0,13.23
2025,10,18,3497.6,798.8,22.84
2025,10,19,3151.0,520.8,16.53
2025,10,20,3529.0,709.0,20.09
2025,10,21,3418.3,680.5,19.91
2025,10,22,3372.8,556.5,16.50
2025,10,23,3394.0,573.9,16.91
2025,10,24,2956.2,759.7,25.70
2025,10,25,2976.1,297.8,10.01
2025,10,26,2861.8,303.4,10.60
2025,10,27,3223.1,564.3,17.51
2025,10,28,3294.3,683.2,20.74
2025,10,29,3293.6,758.5,23.03
2025,10,30,3410.0,724.1,21.23
2025,10,31,3310.2,932.9,28.18
2025,11,1,2894.2,331.2,11.44
2025,11,2,2785.6,449.8,16.15
2025,11,3,3185.0,822.6,25.83
2025,11,4,3254.4,797.9,24.52
2025,11,5,3316.1,573.0,17.28
2025,11,6,3397.8,704.0,20.72
2025,11,7,3465.2,657.4,18.97
2025,11,8,3036.0,353.6,11.65
2025,11,9,2945.0,451.9,15.34
2025,11,10,3299.8,377.3,11.43
2025,11,11,3239.8,755.9,23.33
2025,11,12,3026.0,693.9,22.93
2025,11,13,3234.7,912.5,28.21
2025,11,14,3206.5,814.4,25.40
2025,11,15,2899.0,412.5,14.23
2025,11,16,2870.7,272.0,9.48
2025,11,17,3262.2,703.0,21.55
2025,11,18,3136.7,697.3,22.23
2025,11,19,3012.5,542.0,17.99
2025,11,20,3048.3,856.8,28.11
2025,11,21,3063.2,828.5,27.05
2025,11,22,2812.0,399.1,14.19
2025,11,23,2796.1,294.5,10.53
2025,11,24,3158.2,439.2,13.91
2025,11,25,3040.9,1090.0,35.84
2025,11,26,3037.6,602.4,19.83
2025,11,27,3046.6,606.5,19.91
2025,11,28,3019.6,740.3,24.52
2025,11,29,2821.4,394.5,13.98
2025,11,30,2773.9,345.2,12.44
2025,12,1,3139.4,801.5,25.53
2025,12,2,3168.9,1013.2,31.97
2025,12,3,3049.0,688.0,22.56
2025,12,4,3007.7,972.4,32.33
2025,12,5,3014.0,994.0,32.98
2025,12,6,2788.4,413.7,14.84
2025,12,7,2752.0,295.6,10.74
2025,12,8,3025.3,1040.1,34.38
2025,12,9,3061.6,441.0,14.40
2025,12,10,3119.1,885.6,28.39
2025,12,11,3073.0,956.4,31.12
2025,12,12,3047.1,919.5,30.18
2025,12,13,2810.8,449.9,16.01
2025,12,14,2693.3,435.4,16.17
2025,12,15,2981.3,423.9,14.22
2025,12,16,3041.8,807.1,26.53
2025,12,17,3054.3,786.9,25.76
2025,12,18,3066.2,972.4,31.71
2025,12,19,3070.4,483.8,15.76
2025,12,20,2857.4,307.2,10.75
2025,12,21,2702.8,463.2,17.14
2025,12,22,2982.0,838.2,28.11
2025,12,23,3060.3,427.9,13.98
2025,12,24,3079.7,509.8,16.55
2025,12,25,2818.9,486.6,17.26
2025,12,26,2876.9,503.4,17.50
2025,12,27,2750.7,511.6,18.60
2025,12,28,2705.4,485.5,17.95
2025,12,29,2927.7,655.7,22.40
2025,12,30,2951.7,681.2,23.08
2025,12,31,2905.7,1034.8,35.61
2026,1,1,2729.8,365.3,13.38
2026,1,2,2854.1,361.9,12.68
2026,1,3,2744.2,417.8,15.22
2026,1,4,2746.0,220.3,8.02
2026,1,5,2963.0,414.6,13.99
2026,1,6,3007.3,802.0,26.67
2026,1,7,3038.7,336.9,11.09
2026,1,8,3040.4,386.5,12.71
2026,1,9,3011.8,837.4,27.80
2026,1,10,2835.6,280.1,9.88
2026,1,11,2822.9,376.4,13.33
2026,1,12,3018.4,727.6,24.11
2026,1,13,3007.4,393.7,13.09
2026,1,14,3010.4,595.6,19.78
2026,1,15,3026.8,746.0,24.65
2026,1,16,3019.5,400.7,13.27
2026,1,17,2818.8,509.2,18.06
2026,1,18,2760.7,519.0,18.80
2026,1,19,3015.1,533.9,17.71
2026,1,20,3016.1,580.2,19.24
2026,1,21,3047.6,339.4,11.14
2026,1,22,3101.2,251.6,8.11
2026,1,23,3002.4,618.7,20.61
2026,1,24,2855.0,295.5,10.35
2026,1,25,2798.0,353.7,12.64
2026,1,26,3028.4,538.5,17.78
2026,1,27,3038.3,839.3,27.62
2026,1,28,3029.1,505.8,16.70
2026,1,29,3024.8,988.5,32.68
2026,1,30,3050.8,832.4,27.28
2026,1,31,2806.0,553.4,19.72
2026,2,1,2788.2,430.5,15.44
2026,2,2,3034.0,797.2,26.28
2026,2,3,3012.3,366.7,12.17
2026,2,4,3065.8,452.2,14.75
2026,2,5,3106.4,900.4,28.99
2026,2,6,3167.4,445.4,14.06
2026,2,7,2834.7,434.2,15.32
2026,2,8,2862.8,259.4,9.06
2026,2,9,3046.7,769.5,25.26
2026,2,10,3011.9,266.8,8.86
2026,2,11,3007.7,716.0,23.81
2026,2,12,2944.0,776.9,26.39
2026,2,13,2798.0,1112.3,39.75
2026,2,14,2676.8,371.7,13.89
2026,2,15,2611.7,338.0,12.94
2026,2,16,2430.8,675.6,27.79
2026,2,17,2344.7,578.1,24.66
2026,2,18,2341.5,661.7,28.26
2026,2,19,2426.3,443.1,18.26
2026,2,20,2502.6,508.2,20.31
2026,2,21,2574.3,468.9,18.21
2026,2,22,2633.1,764.6,29.04
2026,2,23,3038.5,712.0,23.43
2026,2,24,3102.2,595.9,19.21
2026,2,25,3107.9,1080.4,34.76
2026,2,26,3130.2,483.6,15.45
2026,2,27,2802.2,700.1,24.98
2026,2,28,2773.9,467.2,16.84
2026,3,1,2812.7,268.2,9.54
2026,3,2,3245.8,708.2,21.82
2026,3,3,3083.0,654.9,21.24
2026,3,4,3077.8,675.9,21.96
2026,3,5,3116.3,499.5,16.03
2026,3,6,3093.9,915.5,29.59
2026,3,7,2801.7,321.8,11.49
2026,3,8,2791.5,287.6,10.30
2026,3,9,3102.2,963.7,31.07
2026,3,10,3090.8,517.6,16.75
2026,3,11,3047.7,754.5,24.76
2026,3,12,3045.4,693.9,22.79
2026,3,13,3000.9,646.5,21.54
2026,3,14,2806.7,297.0,10.58
2026,3,15,2783.3,267.8,9.62
2026,3,16,3063.8,717.3,23.41
2026,3,17,3104.4,616.1,19.85
2026,3,18,3176.0,589.4,18.56
2026,3,19,3138.9,718.8,22.90
2026,3,20,3166.4,978.3,30.90
2026,3,21,2821.6,393.6,13.95
2026,3,22,2819.0,300.8,10.67
2026,3,23,3178.7,550.6,17.32
2026,3,24,3251.3,629.6,19.36
2026,3,25,3241.7,677.1,20.89
2026,3,26,3249.6,743.8,22.89
2026,3,27,3213.7,771.5,24.01
2026,3,28,2923.2,443.0,15.15
2026,3,29,2862.1,347.4,12.14
2026,3,30,3313.4,686.6,20.72
