西元年,行業代碼,行業名稱,生產總額_當期_百萬元,中間消費_當期_百萬元,GDP_當期_百萬元,GDP_連鎖實質_百萬元,GDP_平減指數
2015,A,農、林、漁、牧業,607694.0,308839.0,298855.0,326712.0,91.47
2015,B,礦業及土石採取業,22412.0,9155.0,13257.0,11456.0,115.72
2015,C,製造業,19344571.0,13995639.0,5348932.0,5268159.0,101.53
2015,CA,食品及飼品製造業,702371.0,578171.0,124200.0,141827.0,87.57
2015,CB,飲料及菸草製造業,131136.0,46515.0,84621.0,96319.0,87.85
2015,CC,紡織業,413269.0,305580.0,107689.0,100835.0,106.8
2015,CD,成衣及服飾品製造業,155420.0,117013.0,38407.0,37997.0,101.08
2015,CE,皮革、毛皮及其製品製造業,58841.0,40214.0,18627.0,24463.0,76.14
2015,CF,木竹製品製造業,48161.0,36722.0,11439.0,12657.0,90.38
2015,CG,紙漿、紙及紙製品製造業,225842.0,174509.0,51333.0,71637.0,71.66
2015,CH,印刷及資料儲存媒體複製業,122686.0,79724.0,42962.0,49430.0,86.91
2015,CI,石油及煤製品製造業,922347.0,769529.0,152818.0,168312.0,90.79
2015,CJ,化學材料及肥料製造業,2027131.0,1695829.0,331302.0,389538.0,85.05
2015,CK,其他化學製品製造業,310337.0,223414.0,86923.0,70657.0,123.02
2015,CL,藥品及醫用化學製品製造業,102655.0,61342.0,41313.0,45158.0,91.49
2015,CM,橡膠製品製造業,117291.0,68713.0,48578.0,48373.0,100.42
2015,CN,塑膠製品製造業,470971.0,341060.0,129911.0,141784.0,91.63
2015,CO,非金屬礦物製品製造業,416050.0,296989.0,119061.0,134748.0,88.36
2015,CP,基本金屬製造業,1573485.0,1323034.0,250451.0,371134.0,67.48
2015,CQ,金屬製品製造業,1004380.0,685959.0,318421.0,323052.0,98.57
2015,CR,電子零組件製造業,4620745.0,2664819.0,1955926.0,1856873.0,105.33
2015,CS,電腦、電子產品及光學製品製造業,2889574.0,2258084.0,631490.0,483235.0,130.68
2015,CT,電力設備及配備製造業,644173.0,485467.0,158706.0,155310.0,102.19
2015,CU,機械設備製造業,1017022.0,753544.0,263478.0,220699.0,119.38
2015,CV,汽車及其零件製造業,519708.0,371478.0,148230.0,135221.0,109.62
2015,CW,其他運輸工具及其零件製造業,393982.0,297898.0,96084.0,84862.0,113.22
2015,CX,家具製造業,84651.0,64517.0,20134.0,18883.0,106.63
2015,CY,其他製造業,372343.0,255515.0,116828.0,95721.0,122.05
2015,D,電力及燃氣供應業,756974.0,453513.0,303461.0,194710.0,155.85
2015,E,用水供應及污染整治業,199935.0,108253.0,91682.0,102372.0,89.56
2015,F,營建工程業,1497225.0,1076899.0,420326.0,555274.0,75.7
2015,G,批發及零售業,3718005.0,1053260.0,2664745.0,2729177.0,97.64
2015,GDP,GDP,,,17055080.0,17564746.0,97.1
2015,H,運輸及倉儲業,1229791.0,713198.0,516593.0,948487.0,54.46
2015,I,住宿及餐飲業,886095.0,469523.0,416572.0,460258.0,90.51
2015,ICT,ICT產業,8230242.0,5218014.0,3012228.0,2717266.0,110.86
2015,J,出版影音及資通訊業,986487.0,460360.0,526127.0,467929.0,112.44
2015,K,金融及保險業,1600527.0,501182.0,1099345.0,1081325.0,101.67
2015,L,不動產及住宅服務業,1765787.0,397831.0,1367956.0,1457814.0,93.84
2015,M,專業、科學及技術服務業,637845.0,268290.0,369555.0,408283.0,90.51
2015,N,支援服務業,400095.0,125723.0,274372.0,289286.0,94.84
2015,O,公共行政及國防；強制性社會安全,1407409.0,367928.0,1039481.0,1119771.0,92.83
2015,P,教育業,903185.0,163635.0,739550.0,769448.0,96.11
2015,Q,醫療保健及社會工作服務業,759300.0,278507.0,480793.0,558349.0,86.11
2015,R,藝術、娛樂及休閒服務業,223256.0,82797.0,140459.0,150653.0,93.23
2015,S,其他服務業,643678.0,217456.0,426222.0,460106.0,92.64
2015,加值型營業稅,加值型營業稅,290819.0,,290819.0,303241.0,95.9
2015,合計,合計,37590271.0,21051988.0,16538283.0,17178725.0,96.27
2015,總計(生產面),總計(生產面),38074608.0,21051988.0,17022620.0,17638797.0,96.51
2015,進口稅,進口稅,193518.0,,193518.0,160169.0,120.82
2016,A,農、林、漁、牧業,632735.0,305233.0,327502.0,295177.0,110.95
2016,B,礦業及土石採取業,18258.0,7440.0,10818.0,10273.0,105.31
2016,C,製造業,18810572.0,13154866.0,5655706.0,5481223.0,103.18
2016,CA,食品及飼品製造業,721724.0,584714.0,137010.0,151037.0,90.71
2016,CB,飲料及菸草製造業,142188.0,49890.0,92298.0,104528.0,88.3
2016,CC,紡織業,393418.0,284763.0,108655.0,99134.0,109.6
2016,CD,成衣及服飾品製造業,152769.0,114541.0,38228.0,38176.0,100.14
2016,CE,皮革、毛皮及其製品製造業,53987.0,35866.0,18121.0,22117.0,81.93
2016,CF,木竹製品製造業,48826.0,36512.0,12314.0,13087.0,94.09
2016,CG,紙漿、紙及紙製品製造業,223774.0,170736.0,53038.0,72944.0,72.71
2016,CH,印刷及資料儲存媒體複製業,126544.0,81522.0,45022.0,51991.0,86.6
2016,CI,石油及煤製品製造業,786905.0,590497.0,196408.0,150831.0,130.22
2016,CJ,化學材料及肥料製造業,1921973.0,1545994.0,375979.0,405880.0,92.63
2016,CK,其他化學製品製造業,307390.0,218617.0,88773.0,72620.0,122.24
2016,CL,藥品及醫用化學製品製造業,108124.0,62108.0,46016.0,47865.0,96.14
2016,CM,橡膠製品製造業,116542.0,69109.0,47433.0,46061.0,102.98
2016,CN,塑膠製品製造業,474843.0,336295.0,138548.0,145501.0,95.22
2016,CO,非金屬礦物製品製造業,395422.0,275107.0,120315.0,131354.0,91.6
2016,CP,基本金屬製造業,1499537.0,1221214.0,278323.0,435348.0,63.93
2016,CQ,金屬製品製造業,1027828.0,686606.0,341222.0,345981.0,98.62
2016,CR,電子零組件製造業,4618172.0,2564871.0,2053301.0,2002356.0,102.54
2016,CS,電腦、電子產品及光學製品製造業,2701311.0,2060599.0,640712.0,461198.0,138.92
2016,CT,電力設備及配備製造業,634367.0,468634.0,165733.0,161487.0,102.63
2016,CU,機械設備製造業,992615.0,728825.0,263790.0,218691.0,120.62
2016,CV,汽車及其零件製造業,507309.0,355637.0,151672.0,137195.0,110.55
2016,CW,其他運輸工具及其零件製造業,379505.0,283552.0,95953.0,80751.0,118.83
2016,CX,家具製造業,86167.0,64941.0,21226.0,19056.0,111.39
2016,CY,其他製造業,389332.0,263716.0,125616.0,102218.0,122.89
2016,D,電力及燃氣供應業,690814.0,394386.0,296428.0,207254.0,143.03
2016,E,用水供應及污染整治業,207324.0,109317.0,98007.0,103799.0,94.42
2016,F,營建工程業,1472623.0,1061469.0,411154.0,548766.0,74.92
2016,G,批發及零售業,3716157.0,1038150.0,2678007.0,2734976.0,97.92
2016,GDP,GDP,,,17555268.0,17945024.0,97.83
2016,H,運輸及倉儲業,1208398.0,697157.0,511241.0,975339.0,52.42
2016,I,住宿及餐飲業,942504.0,506839.0,435665.0,465795.0,93.53
2016,ICT,ICT產業,8078700.0,4936292.0,3142408.0,2859985.0,109.87
2016,J,出版影音及資通訊業,1026079.0,477005.0,549074.0,496262.0,110.64
2016,K,金融及保險業,1629880.0,505053.0,1124827.0,1105862.0,101.71
2016,L,不動產及住宅服務業,1791380.0,392117.0,1399263.0,1472096.0,95.05
2016,M,專業、科學及技術服務業,656829.0,274789.0,382040.0,415833.0,91.87
2016,N,支援服務業,428979.0,134920.0,294059.0,306166.0,96.05
2016,O,公共行政及國防；強制性社會安全,1474639.0,424191.0,1050448.0,1119391.0,93.84
2016,P,教育業,898998.0,159643.0,739355.0,759648.0,97.33
2016,Q,醫療保健及社會工作服務業,796264.0,284241.0,512023.0,575779.0,88.93
2016,R,藝術、娛樂及休閒服務業,225580.0,84490.0,141090.0,149033.0,94.67
2016,S,其他服務業,653619.0,223269.0,430350.0,456601.0,94.25
2016,加值型營業稅,加值型營業稅,308331.0,,308331.0,321328.0,95.96
2016,合計,合計,37281632.0,20234575.0,17047057.0,17511565.0,97.35
2016,總計(生產面),總計(生產面),37789843.0,20234575.0,17555268.0,17992634.0,97.57
2016,進口稅,進口稅,199880.0,,199880.0,163231.0,122.45
2017,A,農、林、漁、牧業,640051.0,310329.0,329722.0,320422.0,102.9
2017,B,礦業及土石採取業,18040.0,7474.0,10566.0,10393.0,101.66
2017,C,製造業,19709737.0,13758043.0,5951694.0,5885211.0,101.13
2017,CA,食品及飼品製造業,740078.0,597032.0,143046.0,155356.0,92.08
2017,CB,飲料及菸草製造業,158405.0,55242.0,103163.0,114702.0,89.94
2017,CC,紡織業,390096.0,285631.0,104465.0,106873.0,97.75
2017,CD,成衣及服飾品製造業,152340.0,117751.0,34589.0,39454.0,87.67
2017,CE,皮革、毛皮及其製品製造業,53616.0,36149.0,17467.0,22887.0,76.32
2017,CF,木竹製品製造業,49833.0,37406.0,12427.0,13123.0,94.7
2017,CG,紙漿、紙及紙製品製造業,237349.0,180966.0,56383.0,73798.0,76.4
2017,CH,印刷及資料儲存媒體複製業,122852.0,78588.0,44264.0,51318.0,86.25
2017,CI,石油及煤製品製造業,915639.0,714713.0,200926.0,152712.0,131.57
2017,CJ,化學材料及肥料製造業,2156314.0,1704899.0,451415.0,426477.0,105.85
2017,CK,其他化學製品製造業,321784.0,231157.0,90627.0,83682.0,108.3
2017,CL,藥品及醫用化學製品製造業,107004.0,64612.0,42392.0,45876.0,92.41
2017,CM,橡膠製品製造業,120066.0,74604.0,45462.0,47392.0,95.93
2017,CN,塑膠製品製造業,481164.0,342629.0,138535.0,148441.0,93.33
2017,CO,非金屬礦物製品製造業,376797.0,263770.0,113027.0,131316.0,86.07
2017,CP,基本金屬製造業,1740096.0,1434019.0,306077.0,437236.0,70.0
2017,CQ,金屬製品製造業,1090817.0,727940.0,362877.0,365585.0,99.26
2017,CR,電子零組件製造業,5040313.0,2790880.0,2249433.0,2138374.0,105.19
2017,CS,電腦、電子產品及光學製品製造業,2308163.0,1714213.0,593950.0,533006.0,111.43
2017,CT,電力設備及配備製造業,665791.0,500380.0,165411.0,173404.0,95.39
2017,CU,機械設備製造業,1070430.0,785088.0,285342.0,262574.0,108.67
2017,CV,汽車及其零件製造業,507413.0,359966.0,147447.0,136007.0,108.41
2017,CW,其他運輸工具及其零件製造業,384530.0,291674.0,92856.0,85980.0,108.0
2017,CX,家具製造業,86276.0,65557.0,20719.0,19747.0,104.92
2017,CY,其他製造業,432571.0,303177.0,129394.0,123049.0,105.16
2017,D,電力及燃氣供應業,712622.0,472034.0,240588.0,207160.0,116.14
2017,E,用水供應及污染整治業,223035.0,118321.0,104714.0,105948.0,98.84
2017,F,營建工程業,1501633.0,1087186.0,414447.0,540768.0,76.64
2017,G,批發及零售業,3782253.0,1059919.0,2722334.0,2793567.0,97.45
2017,GDP,GDP,,,18012387.0,18602118.0,96.83
2017,H,運輸及倉儲業,1280803.0,738501.0,542302.0,1029374.0,52.68
2017,I,住宿及餐飲業,973375.0,522021.0,451354.0,468641.0,96.31
2017,ICT,ICT產業,8107626.0,4813985.0,3293641.0,3094324.0,106.44
2017,J,出版影音及資通訊業,1028094.0,473386.0,554708.0,514086.0,107.9
2017,K,金融及保險業,1690476.0,518720.0,1171756.0,1157008.0,101.27
2017,L,不動產及住宅服務業,1851946.0,410759.0,1441187.0,1498059.0,96.2
2017,M,專業、科學及技術服務業,689458.0,285013.0,404445.0,434192.0,93.15
2017,N,支援服務業,450555.0,145037.0,305518.0,315543.0,96.82
2017,O,公共行政及國防；強制性社會安全,1444005.0,391023.0,1052982.0,1124991.0,93.6
2017,P,教育業,894580.0,159052.0,735528.0,758503.0,96.97
2017,Q,醫療保健及社會工作服務業,839257.0,305126.0,534131.0,588053.0,90.83
2017,R,藝術、娛樂及休閒服務業,231264.0,85921.0,145343.0,150903.0,96.32
2017,S,其他服務業,647403.0,217265.0,430138.0,450191.0,95.55
2017,加值型營業稅,加值型營業稅,318310.0,,318310.0,328079.0,97.02
2017,合計,合計,38608587.0,21065130.0,17543457.0,18191929.0,96.44
2017,總計(生產面),總計(生產面),39118249.0,21065130.0,18053119.0,18687748.0,96.6
2017,進口稅,進口稅,191352.0,,191352.0,170924.0,111.95
2018,A,農、林、漁、牧業,622429.0,308114.0,314315.0,335677.0,93.64
2018,B,礦業及土石採取業,18971.0,7804.0,11167.0,11278.0,99.02
2018,C,製造業,20463140.0,14374427.0,6088713.0,6109931.0,99.65
2018,CA,食品及飼品製造業,775703.0,622393.0,153310.0,157281.0,97.48
2018,CB,飲料及菸草製造業,166197.0,54426.0,111771.0,112224.0,99.6
2018,CC,紡織業,397294.0,295077.0,102217.0,106749.0,95.75
2018,CD,成衣及服飾品製造業,157783.0,122727.0,35056.0,39697.0,88.31
2018,CE,皮革、毛皮及其製品製造業,49824.0,33770.0,16054.0,20883.0,76.88
2018,CF,木竹製品製造業,51466.0,39181.0,12285.0,13624.0,90.17
2018,CG,紙漿、紙及紙製品製造業,250847.0,189719.0,61128.0,75551.0,80.91
2018,CH,印刷及資料儲存媒體複製業,123311.0,80199.0,43112.0,51028.0,84.49
2018,CI,石油及煤製品製造業,1186531.0,998039.0,188492.0,164523.0,114.57
2018,CJ,化學材料及肥料製造業,2390753.0,1915296.0,475457.0,439507.0,108.18
2018,CK,其他化學製品製造業,335990.0,243574.0,92416.0,89728.0,103.0
2018,CL,藥品及醫用化學製品製造業,112624.0,67457.0,45167.0,49399.0,91.43
2018,CM,橡膠製品製造業,118503.0,74146.0,44357.0,45332.0,97.85
2018,CN,塑膠製品製造業,495630.0,354029.0,141601.0,153662.0,92.15
2018,CO,非金屬礦物製品製造業,387963.0,279722.0,108241.0,130702.0,82.82
2018,CP,基本金屬製造業,1908820.0,1582886.0,325934.0,437681.0,74.47
2018,CQ,金屬製品製造業,1149548.0,769722.0,379826.0,371872.0,102.14
2018,CR,電子零組件製造業,5159906.0,2858598.0,2301308.0,2270245.0,101.37
2018,CS,電腦、電子產品及光學製品製造業,1899831.0,1340155.0,559676.0,516428.0,108.37
2018,CT,電力設備及配備製造業,720390.0,546281.0,174109.0,185459.0,93.88
2018,CU,機械設備製造業,1141605.0,833590.0,308015.0,282010.0,109.22
2018,CV,汽車及其零件製造業,489074.0,347663.0,141411.0,133312.0,106.08
2018,CW,其他運輸工具及其零件製造業,405845.0,303742.0,102103.0,93375.0,109.35
2018,CX,家具製造業,89788.0,68090.0,21698.0,19955.0,108.73
2018,CY,其他製造業,497914.0,353945.0,143969.0,143384.0,100.41
2018,D,電力及燃氣供應業,740845.0,537463.0,203382.0,207379.0,98.07
2018,E,用水供應及污染整治業,234013.0,128553.0,105460.0,108888.0,96.85
2018,F,營建工程業,1595807.0,1160400.0,435407.0,547431.0,79.54
2018,G,批發及零售業,3822312.0,1078877.0,2743435.0,2820428.0,97.27
2018,GDP,GDP,,,18420039.0,19142600.0,96.23
2018,H,運輸及倉儲業,1365502.0,827547.0,537955.0,1076337.0,49.98
2018,I,住宿及餐飲業,1026507.0,551676.0,474831.0,481509.0,98.61
2018,ICT,ICT產業,7810593.0,4492754.0,3317839.0,3231538.0,102.67
2018,J,出版影音及資通訊業,1026272.0,460488.0,565784.0,542183.0,104.35
2018,K,金融及保險業,1758928.0,544111.0,1214817.0,1193870.0,101.75
2018,L,不動產及住宅服務業,1933084.0,436637.0,1496447.0,1537222.0,97.35
2018,M,專業、科學及技術服務業,726898.0,303247.0,423651.0,447216.0,94.73
2018,N,支援服務業,468117.0,147993.0,320124.0,328168.0,97.55
2018,O,公共行政及國防；強制性社會安全,1531284.0,455371.0,1075913.0,1134254.0,94.86
2018,P,教育業,908912.0,162205.0,746707.0,759563.0,98.31
2018,Q,醫療保健及社會工作服務業,884762.0,323687.0,561075.0,612502.0,91.6
2018,R,藝術、娛樂及休閒服務業,233707.0,85176.0,148531.0,152502.0,97.4
2018,S,其他服務業,676555.0,238489.0,438066.0,455308.0,96.21
2018,加值型營業稅,加值型營業稅,329844.0,,329844.0,333894.0,98.79
2018,合計,合計,40038045.0,22132265.0,17905780.0,18693215.0,95.79
2018,總計(生產面),總計(生產面),40571644.0,22132265.0,18439379.0,19200322.0,96.04
2018,進口稅,進口稅,203755.0,,203755.0,176382.0,115.52
2019,A,農、林、漁、牧業,610253.0,289897.0,320356.0,333453.0,96.07
2019,B,礦業及土石採取業,20779.0,8824.0,11955.0,11444.0,104.47
2019,C,製造業,19769279.0,13693510.0,6075769.0,6241874.0,97.34
2019,CA,食品及飼品製造業,827361.0,648265.0,179096.0,169781.0,105.49
2019,CB,飲料及菸草製造業,163758.0,52728.0,111030.0,108527.0,102.31
2019,CC,紡織業,385092.0,279602.0,105490.0,101435.0,104.0
2019,CD,成衣及服飾品製造業,167228.0,131006.0,36222.0,40842.0,88.69
2019,CE,皮革、毛皮及其製品製造業,50128.0,33848.0,16280.0,20859.0,78.05
2019,CF,木竹製品製造業,46603.0,34401.0,12202.0,12791.0,95.4
2019,CG,紙漿、紙及紙製品製造業,248616.0,184138.0,64478.0,74214.0,86.88
2019,CH,印刷及資料儲存媒體複製業,124757.0,78763.0,45994.0,44586.0,103.16
2019,CI,石油及煤製品製造業,1142371.0,969201.0,173170.0,159136.0,108.82
2019,CJ,化學材料及肥料製造業,1993035.0,1582805.0,410230.0,420956.0,97.45
2019,CK,其他化學製品製造業,338667.0,237873.0,100794.0,87667.0,114.97
2019,CL,藥品及醫用化學製品製造業,122908.0,70485.0,52423.0,53863.0,97.33
2019,CM,橡膠製品製造業,123906.0,76855.0,47051.0,46026.0,102.23
2019,CN,塑膠製品製造業,508977.0,356509.0,152468.0,150636.0,101.22
2019,CO,非金屬礦物製品製造業,394584.0,285372.0,109212.0,121924.0,89.57
2019,CP,基本金屬製造業,1705566.0,1417530.0,288036.0,407714.0,70.65
2019,CQ,金屬製品製造業,1106481.0,736873.0,369608.0,354747.0,104.19
2019,CR,電子零組件製造業,5082844.0,2796829.0,2286015.0,2428760.0,94.12
2019,CS,電腦、電子產品及光學製品製造業,1930567.0,1338592.0,591975.0,572863.0,103.34
2019,CT,電力設備及配備製造業,728316.0,545022.0,183294.0,183895.0,99.67
2019,CU,機械設備製造業,1021974.0,724658.0,297316.0,254935.0,116.62
2019,CV,汽車及其零件製造業,488370.0,344095.0,144275.0,133382.0,108.17
2019,CW,其他運輸工具及其零件製造業,449154.0,334579.0,114575.0,101866.0,112.48
2019,CX,家具製造業,92112.0,68626.0,23486.0,19572.0,120.0
2019,CY,其他製造業,525904.0,364855.0,161049.0,151424.0,106.36
2019,D,電力及燃氣供應業,751530.0,534557.0,216973.0,207662.0,104.48
2019,E,用水供應及污染整治業,233974.0,127077.0,106897.0,110958.0,96.34
2019,F,營建工程業,1709445.0,1216399.0,493046.0,571581.0,86.26
2019,G,批發及零售業,3830047.0,1054200.0,2775847.0,2888163.0,96.11
2019,GDP,GDP,,,18974097.0,19727465.0,96.18
2019,H,運輸及倉儲業,1395010.0,842641.0,552369.0,1085435.0,50.89
2019,I,住宿及餐飲業,1080748.0,565098.0,515650.0,509658.0,101.18
2019,ICT,ICT產業,7784847.0,4425159.0,3359688.0,3481018.0,96.51
2019,J,出版影音及資通訊業,1045699.0,451056.0,594643.0,580001.0,102.52
2019,K,金融及保險業,1828194.0,574118.0,1254076.0,1232266.0,101.77
2019,L,不動產及住宅服務業,2030139.0,464729.0,1565410.0,1587774.0,98.59
2019,M,專業、科學及技術服務業,760600.0,314489.0,446111.0,464219.0,96.1
2019,N,支援服務業,491028.0,154226.0,336802.0,341811.0,98.53
2019,O,公共行政及國防；強制性社會安全,1518016.0,414360.0,1103656.0,1154296.0,95.61
2019,P,教育業,909995.0,165220.0,744775.0,760948.0,97.87
2019,Q,醫療保健及社會工作服務業,939071.0,339720.0,599351.0,644566.0,92.99
2019,R,藝術、娛樂及休閒服務業,242742.0,87891.0,154851.0,157420.0,98.37
2019,S,其他服務業,664191.0,228657.0,435534.0,447720.0,97.28
2019,加值型營業稅,加值型營業稅,338141.0,,338141.0,341644.0,98.97
2019,合計,合計,39830740.0,21526669.0,18304071.0,19166769.0,95.5
2019,總計(生產面),總計(生產面),40378158.0,21526669.0,18851489.0,19690316.0,95.74
2019,進口稅,進口稅,209277.0,,209277.0,184442.0,113.46
2020,A,農、林、漁、牧業,605550.0,288541.0,317009.0,329380.0,96.24
2020,B,礦業及土石採取業,22489.0,9591.0,12898.0,11501.0,112.15
2020,C,製造業,19984044.0,13213315.0,6770729.0,6796648.0,99.62
2020,CA,食品及飼品製造業,845500.0,656510.0,188990.0,171733.0,110.05
2020,CB,飲料及菸草製造業,166159.0,51747.0,114412.0,103707.0,110.32
2020,CC,紡織業,334587.0,233116.0,101471.0,91363.0,111.06
2020,CD,成衣及服飾品製造業,155136.0,118539.0,36597.0,37329.0,98.04
2020,CE,皮革、毛皮及其製品製造業,47913.0,30687.0,17226.0,17642.0,97.64
2020,CF,木竹製品製造業,47254.0,34785.0,12469.0,12728.0,97.97
2020,CG,紙漿、紙及紙製品製造業,251238.0,180771.0,70467.0,75932.0,92.8
2020,CH,印刷及資料儲存媒體複製業,122062.0,77406.0,44656.0,42269.0,105.65
2020,CI,石油及煤製品製造業,801153.0,666045.0,135108.0,147910.0,91.34
2020,CJ,化學材料及肥料製造業,1694723.0,1280998.0,413725.0,433485.0,95.44
2020,CK,其他化學製品製造業,326387.0,229334.0,97053.0,85209.0,113.9
2020,CL,藥品及醫用化學製品製造業,138736.0,75835.0,62901.0,61432.0,102.39
2020,CM,橡膠製品製造業,118302.0,69863.0,48439.0,45216.0,107.13
2020,CN,塑膠製品製造業,504655.0,346254.0,158401.0,151506.0,104.55
2020,CO,非金屬礦物製品製造業,404642.0,287080.0,117562.0,120746.0,97.36
2020,CP,基本金屬製造業,1601792.0,1314374.0,287418.0,411510.0,69.84
2020,CQ,金屬製品製造業,1087034.0,717926.0,369108.0,349033.0,105.75
2020,CR,電子零組件製造業,5909664.0,3081700.0,2827964.0,2979523.0,94.91
2020,CS,電腦、電子產品及光學製品製造業,2120580.0,1388337.0,732243.0,608727.0,120.29
2020,CT,電力設備及配備製造業,762849.0,562510.0,200339.0,196837.0,101.78
2020,CU,機械設備製造業,986743.0,696914.0,289829.0,248344.0,116.7
2020,CV,汽車及其零件製造業,469113.0,328420.0,140693.0,129621.0,108.54
2020,CW,其他運輸工具及其零件製造業,465310.0,349260.0,116050.0,103703.0,111.91
2020,CX,家具製造業,96218.0,71989.0,24229.0,19977.0,121.28
2020,CY,其他製造業,526294.0,362915.0,163379.0,151920.0,107.54
2020,D,電力及燃氣供應業,717059.0,427858.0,289201.0,204091.0,141.7
2020,E,用水供應及污染整治業,242631.0,132794.0,109837.0,114075.0,96.28
2020,F,營建工程業,1856956.0,1298508.0,558448.0,598524.0,93.3
2020,G,批發及零售業,3872183.0,1073334.0,2798849.0,2963001.0,94.46
2020,GDP,GDP,,,20023752.0,20402197.0,98.15
2020,H,運輸及倉儲業,1248825.0,713145.0,535680.0,862237.0,62.13
2020,I,住宿及餐飲業,999438.0,530130.0,469308.0,460664.0,101.88
2020,ICT,ICT產業,8823747.0,4766415.0,4057332.0,4083029.0,99.37
2020,J,出版影音及資通訊業,1071594.0,458050.0,613544.0,606726.0,101.12
2020,K,金融及保險業,1895009.0,595241.0,1299768.0,1294735.0,100.39
2020,L,不動產及住宅服務業,2145227.0,503463.0,1641764.0,1635879.0,100.36
2020,M,專業、科學及技術服務業,778808.0,319887.0,458921.0,469956.0,97.65
2020,N,支援服務業,462867.0,140964.0,321903.0,323834.0,99.4
2020,O,公共行政及國防；強制性社會安全,1571923.0,432288.0,1139635.0,1173531.0,97.11
2020,P,教育業,909730.0,161822.0,747908.0,757892.0,98.68
2020,Q,醫療保健及社會工作服務業,986520.0,352907.0,633613.0,654787.0,96.77
2020,R,藝術、娛樂及休閒服務業,228326.0,82723.0,145603.0,147322.0,98.83
2020,S,其他服務業,641539.0,220493.0,421046.0,425190.0,99.03
2020,加值型營業稅,加值型營業稅,349956.0,,349956.0,356610.0,98.13
2020,合計,合計,40240718.0,20955054.0,19285664.0,19781147.0,97.5
2020,總計(生產面),總計(生產面),40799837.0,20955054.0,19844783.0,20333226.0,97.6
2020,進口稅,進口稅,209163.0,,209163.0,196767.0,106.3
2021,A,農、林、漁、牧業,631655.0,315913.0,315742.0,315742.0,100.0
2021,B,礦業及土石採取業,23292.0,11373.0,11919.0,11919.0,100.0
2021,C,製造業,23683257.0,15764715.0,7918542.0,7918542.0,100.0
2021,CA,食品及飼品製造業,898676.0,723339.0,175337.0,175337.0,100.0
2021,CB,飲料及菸草製造業,162654.0,50794.0,111860.0,111860.0,100.0
2021,CC,紡織業,379370.0,274171.0,105199.0,105199.0,100.0
2021,CD,成衣及服飾品製造業,169818.0,129587.0,40231.0,40231.0,100.0
2021,CE,皮革、毛皮及其製品製造業,52566.0,34099.0,18467.0,18467.0,100.0
2021,CF,木竹製品製造業,54511.0,40790.0,13721.0,13721.0,100.0
2021,CG,紙漿、紙及紙製品製造業,279622.0,202880.0,76742.0,76742.0,100.0
2021,CH,印刷及資料儲存媒體複製業,125032.0,81460.0,43572.0,43572.0,100.0
2021,CI,石油及煤製品製造業,1101552.0,951398.0,150154.0,150154.0,100.0
2021,CJ,化學材料及肥料製造業,2306610.0,1823899.0,482711.0,482711.0,100.0
2021,CK,其他化學製品製造業,355868.0,257337.0,98531.0,98531.0,100.0
2021,CL,藥品及醫用化學製品製造業,145404.0,76678.0,68726.0,68726.0,100.0
2021,CM,橡膠製品製造業,128026.0,80939.0,47087.0,47087.0,100.0
2021,CN,塑膠製品製造業,546805.0,388819.0,157986.0,157986.0,100.0
2021,CO,非金屬礦物製品製造業,419846.0,294271.0,125575.0,125575.0,100.0
2021,CP,基本金屬製造業,2311062.0,1847409.0,463653.0,463653.0,100.0
2021,CQ,金屬製品製造業,1333923.0,933532.0,400391.0,400391.0,100.0
2021,CR,電子零組件製造業,7147215.0,3534850.0,3612365.0,3612365.0,100.0
2021,CS,電腦、電子產品及光學製品製造業,1998936.0,1288360.0,710576.0,710576.0,100.0
2021,CT,電力設備及配備製造業,878126.0,656030.0,222096.0,222096.0,100.0
2021,CU,機械設備製造業,1143052.0,841055.0,301997.0,301997.0,100.0
2021,CV,汽車及其零件製造業,531114.0,379502.0,151612.0,151612.0,100.0
2021,CW,其他運輸工具及其零件製造業,529637.0,394292.0,135345.0,135345.0,100.0
2021,CX,家具製造業,107800.0,82670.0,25130.0,25130.0,100.0
2021,CY,其他製造業,576032.0,396554.0,179478.0,179478.0,100.0
2021,D,電力及燃氣供應業,759947.0,552555.0,207392.0,207392.0,100.0
2021,E,用水供應及污染整治業,259580.0,146782.0,112798.0,112798.0,100.0
2021,F,營建工程業,2177169.0,1548694.0,628475.0,628475.0,100.0
2021,G,批發及零售業,4212102.0,1196881.0,3015221.0,3015221.0,100.0
2021,GDP,GDP,,,21773291.0,21773291.0,100.0
2021,H,運輸及倉儲業,1546569.0,741258.0,805311.0,805311.0,100.0
2021,I,住宿及餐飲業,920599.0,497066.0,423533.0,423533.0,100.0
2021,ICT,ICT產業,10009645.0,5143886.0,4865759.0,4865759.0,100.0
2021,J,出版影音及資通訊業,1151298.0,479732.0,671566.0,671566.0,100.0
2021,K,金融及保險業,2096735.0,670213.0,1426522.0,1426522.0,100.0
2021,L,不動產及住宅服務業,2228279.0,547704.0,1680575.0,1680575.0,100.0
2021,M,專業、科學及技術服務業,856371.0,357819.0,498552.0,498552.0,100.0
2021,N,支援服務業,471206.0,147763.0,323443.0,323443.0,100.0
2021,O,公共行政及國防；強制性社會安全,1679745.0,495870.0,1183875.0,1183875.0,100.0
2021,P,教育業,907696.0,155792.0,751904.0,751904.0,100.0
2021,Q,醫療保健及社會工作服務業,1044877.0,381978.0,662899.0,662899.0,100.0
2021,R,藝術、娛樂及休閒服務業,194674.0,76054.0,118620.0,118620.0,100.0
2021,S,其他服務業,602930.0,213898.0,389032.0,389032.0,100.0
2021,加值型營業稅,加值型營業稅,402790.0,,402790.0,402790.0,100.0
2021,合計,合計,45447981.0,24302060.0,21145921.0,21145921.0,100.0
2021,總計(生產面),總計(生產面),46075351.0,24302060.0,21773291.0,21773291.0,100.0
2021,進口稅,進口稅,224580.0,,224580.0,224580.0,100.0
2022,A,農、林、漁、牧業,660924.0,339561.0,321363.0,302351.0,106.29
2022,B,礦業及土石採取業,24582.0,12850.0,11732.0,12514.0,93.75
2022,C,製造業,25145767.0,16804627.0,8341140.0,8097569.0,103.01
2022,CA,食品及飼品製造業,979432.0,800070.0,179362.0,180920.0,99.14
2022,CB,飲料及菸草製造業,162120.0,51270.0,110850.0,108463.0,102.2
2022,CC,紡織業,382679.0,277576.0,105103.0,93620.0,112.27
2022,CD,成衣及服飾品製造業,193091.0,147575.0,45516.0,44109.0,103.19
2022,CE,皮革、毛皮及其製品製造業,54804.0,31510.0,23294.0,21497.0,108.36
2022,CF,木竹製品製造業,55379.0,41489.0,13890.0,12699.0,109.38
2022,CG,紙漿、紙及紙製品製造業,275300.0,205461.0,69839.0,68591.0,101.82
2022,CH,印刷及資料儲存媒體複製業,124895.0,81341.0,43554.0,44584.0,97.69
2022,CI,石油及煤製品製造業,1498368.0,1407531.0,90837.0,183762.0,49.43
2022,CJ,化學材料及肥料製造業,2134156.0,1767717.0,366439.0,428080.0,85.6
2022,CK,其他化學製品製造業,366279.0,262940.0,103339.0,95780.0,107.89
2022,CL,藥品及醫用化學製品製造業,158476.0,82908.0,75568.0,74643.0,101.24
2022,CM,橡膠製品製造業,129223.0,79528.0,49695.0,45314.0,109.67
2022,CN,塑膠製品製造業,547275.0,381816.0,165459.0,156537.0,105.7
2022,CO,非金屬礦物製品製造業,434700.0,309757.0,124943.0,112584.0,110.98
2022,CP,基本金屬製造業,2118508.0,1748514.0,369994.0,401860.0,92.07
2022,CQ,金屬製品製造業,1331525.0,922348.0,409177.0,350712.0,116.67
2022,CR,電子零組件製造業,7910024.0,3849992.0,4060032.0,3835393.0,105.86
2022,CS,電腦、電子產品及光學製品製造業,2366593.0,1530655.0,835938.0,791125.0,105.66
2022,CT,電力設備及配備製造業,908500.0,668667.0,239833.0,228464.0,104.98
2022,CU,機械設備製造業,1166707.0,846529.0,320178.0,299749.0,106.82
2022,CV,汽車及其零件製造業,539050.0,380150.0,158900.0,150412.0,105.64
2022,CW,其他運輸工具及其零件製造業,591159.0,439598.0,151561.0,145324.0,104.29
2022,CX,家具製造業,103960.0,78471.0,25489.0,24097.0,105.78
2022,CY,其他製造業,613564.0,411214.0,202350.0,199250.0,101.56
2022,D,電力及燃氣供應業,857101.0,1024440.0,-167339.0,215402.0,
2022,E,用水供應及污染整治業,280671.0,161877.0,118794.0,121044.0,98.14
2022,F,營建工程業,2432160.0,1731389.0,700771.0,633048.0,110.7
2022,G,批發及零售業,4601694.0,1324648.0,3277046.0,3066814.0,106.86
2022,GDP,GDP,,,22820430.0,22357584.0,102.07
2022,H,運輸及倉儲業,1696463.0,828640.0,867823.0,856508.0,101.32
2022,I,住宿及餐飲業,1119653.0,595322.0,524331.0,488320.0,107.37
2022,ICT,ICT產業,11222194.0,5726557.0,5495637.0,5215297.0,105.38
2022,J,出版影音及資通訊業,1241056.0,506538.0,734518.0,721295.0,101.83
2022,K,金融及保險業,2069894.0,665852.0,1404042.0,1368705.0,102.58
2022,L,不動產及住宅服務業,2320011.0,584481.0,1735530.0,1703936.0,101.85
2022,M,專業、科學及技術服務業,968613.0,424306.0,544307.0,533278.0,102.07
2022,N,支援服務業,520831.0,160904.0,359927.0,357329.0,100.73
2022,O,公共行政及國防；強制性社會安全,1828923.0,594110.0,1234813.0,1189984.0,103.77
2022,P,教育業,938301.0,163909.0,774392.0,755543.0,102.49
2022,Q,醫療保健及社會工作服務業,1147580.0,423858.0,723722.0,714490.0,101.29
2022,R,藝術、娛樂及休閒服務業,252587.0,94131.0,158456.0,155023.0,102.21
2022,S,其他服務業,672933.0,248430.0,424503.0,416818.0,101.84
2022,加值型營業稅,加值型營業稅,440355.0,,440355.0,427042.0,103.12
2022,合計,合計,48779744.0,26689873.0,22089871.0,21709971.0,101.75
2022,總計(生產面),總計(生產面),49458827.0,26689873.0,22768954.0,22367023.0,101.8
2022,進口稅,進口稅,238728.0,,238728.0,230010.0,103.79
2023,A,農、林、漁、牧業,685813.0,334426.0,351387.0,299756.0,117.22
2023,B,礦業及土石採取業,24208.0,12677.0,11531.0,11777.0,97.91
2023,C,製造業,23220257.0,15168832.0,8051425.0,7507180.0,107.25
2023,CA,食品及飼品製造業,1026776.0,820688.0,206088.0,189961.0,108.49
2023,CB,飲料及菸草製造業,165942.0,52666.0,113276.0,107755.0,105.12
2023,CC,紡織業,308138.0,212315.0,95823.0,77135.0,124.23
2023,CD,成衣及服飾品製造業,170493.0,129239.0,41254.0,38835.0,106.23
2023,CE,皮革、毛皮及其製品製造業,47329.0,27676.0,19653.0,19981.0,98.36
2023,CF,木竹製品製造業,51052.0,38165.0,12887.0,11874.0,108.53
2023,CG,紙漿、紙及紙製品製造業,252247.0,187556.0,64691.0,67016.0,96.53
2023,CH,印刷及資料儲存媒體複製業,123126.0,77215.0,45911.0,43817.0,104.78
2023,CI,石油及煤製品製造業,1377498.0,1209504.0,167994.0,218257.0,76.97
2023,CJ,化學材料及肥料製造業,1718215.0,1425047.0,293168.0,410362.0,71.44
2023,CK,其他化學製品製造業,341866.0,240167.0,101699.0,92459.0,109.99
2023,CL,藥品及醫用化學製品製造業,173113.0,89879.0,83234.0,78748.0,105.7
2023,CM,橡膠製品製造業,110650.0,62270.0,48380.0,39545.0,122.34
2023,CN,塑膠製品製造業,503037.0,320882.0,182155.0,150105.0,121.35
2023,CO,非金屬礦物製品製造業,443454.0,311784.0,131670.0,98937.0,133.08
2023,CP,基本金屬製造業,1795055.0,1486254.0,308801.0,383844.0,80.45
2023,CQ,金屬製品製造業,1178691.0,789798.0,388893.0,326876.0,118.97
2023,CR,電子零組件製造業,7227120.0,3548664.0,3678456.0,3390666.0,108.49
2023,CS,電腦、電子產品及光學製品製造業,2503645.0,1524687.0,978958.0,815312.0,120.07
2023,CT,電力設備及配備製造業,862629.0,620938.0,241691.0,217241.0,111.25
2023,CU,機械設備製造業,1052595.0,744669.0,307926.0,273885.0,112.43
2023,CV,汽車及其零件製造業,561122.0,392967.0,168155.0,150715.0,111.57
2023,CW,其他運輸工具及其零件製造業,506809.0,372376.0,134433.0,118931.0,113.03
2023,CX,家具製造業,95305.0,69380.0,25925.0,22712.0,114.15
2023,CY,其他製造業,624350.0,414046.0,210304.0,195282.0,107.69
2023,D,電力及燃氣供應業,940784.0,920389.0,20395.0,216229.0,9.43
2023,E,用水供應及污染整治業,288623.0,169207.0,119416.0,131868.0,90.56
2023,F,營建工程業,2397005.0,1637208.0,759797.0,628636.0,120.86
2023,G,批發及零售業,4607819.0,1314440.0,3293379.0,3041552.0,108.28
2023,GDP,GDP,,,23598348.0,22600156.0,104.42
2023,H,運輸及倉儲業,1502798.0,775014.0,727784.0,1160103.0,62.73
2023,I,住宿及餐飲業,1360807.0,695005.0,665802.0,576536.0,115.48
2023,ICT,ICT產業,10734122.0,5429366.0,5304756.0,4820382.0,110.05
2023,J,出版影音及資通訊業,1311081.0,521718.0,789363.0,753601.0,104.75
2023,K,金融及保險業,2127383.0,686975.0,1440408.0,1429912.0,100.73
2023,L,不動產及住宅服務業,2404835.0,580426.0,1824409.0,1748310.0,104.35
2023,M,專業、科學及技術服務業,1071415.0,479337.0,592078.0,562277.0,105.3
2023,N,支援服務業,573128.0,172695.0,400433.0,384514.0,104.14
2023,O,公共行政及國防；強制性社會安全,1881133.0,609302.0,1271831.0,1200391.0,105.95
2023,P,教育業,957873.0,171295.0,786578.0,753021.0,104.46
2023,Q,醫療保健及社會工作服務業,1189181.0,435155.0,754026.0,754371.0,99.95
2023,R,藝術、娛樂及休閒服務業,313336.0,107685.0,205651.0,194499.0,105.73
2023,S,其他服務業,695919.0,249614.0,446305.0,422276.0,105.69
2023,加值型營業稅,加值型營業稅,468885.0,,468885.0,443342.0,105.76
2023,合計,合計,47553398.0,25041400.0,22511998.0,21770194.0,103.41
2023,總計(生產面),總計(生產面),48285294.0,25041400.0,23243894.0,22419022.0,103.68
2023,進口稅,進口稅,263011.0,,263011.0,205777.0,127.81
2024,A,農、林、漁、牧業,709830.0,335881.0,373949.0,296770.0,126.01
2024,B,礦業及土石採取業,25682.0,13347.0,12335.0,11688.0,105.54
2024,C,製造業,25586752.0,16434274.0,9152478.0,8287130.0,110.44
2024,CA,食品及飼品製造業,1047532.0,831256.0,216276.0,200847.0,107.68
2024,CB,飲料及菸草製造業,168254.0,52945.0,115309.0,103279.0,111.65
2024,CC,紡織業,332976.0,228635.0,104341.0,81757.0,127.62
2024,CD,成衣及服飾品製造業,185728.0,143171.0,42557.0,40925.0,103.99
2024,CE,皮革、毛皮及其製品製造業,50613.0,29238.0,21375.0,19413.0,110.11
2024,CF,木竹製品製造業,52748.0,39434.0,13314.0,13182.0,101.0
2024,CG,紙漿、紙及紙製品製造業,253001.0,187536.0,65465.0,75788.0,86.38
2024,CH,印刷及資料儲存媒體複製業,130225.0,82313.0,47912.0,43406.0,110.38
2024,CI,石油及煤製品製造業,1334204.0,1205418.0,128786.0,233345.0,55.19
2024,CJ,化學材料及肥料製造業,1747677.0,1448946.0,298731.0,436673.0,68.41
2024,CK,其他化學製品製造業,368388.0,261340.0,107048.0,97436.0,109.86
2024,CL,藥品及醫用化學製品製造業,164171.0,84939.0,79232.0,71748.0,110.43
2024,CM,橡膠製品製造業,112150.0,64343.0,47807.0,38867.0,123.0
2024,CN,塑膠製品製造業,529517.0,338576.0,190941.0,155194.0,123.03
2024,CO,非金屬礦物製品製造業,465142.0,326365.0,138777.0,101258.0,137.05
2024,CP,基本金屬製造業,1831135.0,1512317.0,318818.0,381801.0,83.5
2024,CQ,金屬製品製造業,1247017.0,847009.0,400008.0,329854.0,121.27
2024,CR,電子零組件製造業,8582483.0,4167966.0,4414517.0,3942302.0,111.98
2024,CS,電腦、電子產品及光學製品製造業,3259777.0,1978141.0,1281636.0,950712.0,134.81
2024,CT,電力設備及配備製造業,899740.0,641463.0,258277.0,221639.0,116.53
2024,CU,機械設備製造業,1084686.0,762093.0,322593.0,285308.0,113.07
2024,CV,汽車及其零件製造業,538556.0,367276.0,171280.0,151164.0,113.31
2024,CW,其他運輸工具及其零件製造業,471903.0,345202.0,126701.0,112704.0,112.42
2024,CX,家具製造業,104831.0,77376.0,27455.0,23508.0,116.79
2024,CY,其他製造業,624298.0,410976.0,213322.0,195808.0,108.94
2024,D,電力及燃氣供應業,1070165.0,808888.0,261277.0,219806.0,118.87
2024,E,用水供應及污染整治業,302866.0,178715.0,124151.0,139627.0,88.92
2024,F,營建工程業,2546253.0,1731177.0,815076.0,658041.0,123.86
2024,G,批發及零售業,4931647.0,1473641.0,3458006.0,3127990.0,110.55
2024,GDP,GDP,,,25737088.0,23790526.0,108.18
2024,H,運輸及倉儲業,1690936.0,847975.0,842961.0,1216023.0,69.32
2024,I,住宿及餐飲業,1403621.0,717785.0,685836.0,567119.0,120.93
2024,ICT,ICT產業,12887596.0,6521802.0,6365794.0,5518168.0,115.36
2024,J,出版影音及資通訊業,1366654.0,553007.0,813647.0,758210.0,107.31
2024,K,金融及保險業,2448069.0,788750.0,1659319.0,1650755.0,100.52
2024,L,不動產及住宅服務業,2583396.0,621287.0,1962109.0,1822605.0,107.65
2024,M,專業、科學及技術服務業,1174338.0,527423.0,646915.0,598369.0,108.11
2024,N,支援服務業,620337.0,193045.0,427292.0,403204.0,105.97
2024,O,公共行政及國防；強制性社會安全,1953584.0,627164.0,1326420.0,1212658.0,109.38
2024,P,教育業,983734.0,174601.0,809133.0,750908.0,107.75
2024,Q,醫療保健及社會工作服務業,1277865.0,468412.0,809453.0,789303.0,102.55
2024,R,藝術、娛樂及休閒服務業,338782.0,118803.0,219979.0,202356.0,108.71
2024,S,其他服務業,728409.0,254615.0,473794.0,435390.0,108.82
2024,加值型營業稅,加值型營業稅,507885.0,,507885.0,472725.0,107.44
2024,合計,合計,51742920.0,26868790.0,24874130.0,23147039.0,107.46
2024,總計(生產面),總計(生產面),52525977.0,26868790.0,25657187.0,23860792.0,107.53
2024,進口稅,進口稅,275172.0,,275172.0,237057.0,116.08
2025,A,農、林、漁、牧業,,,409134.0,291619.0,140.3
2025,B,礦業及土石採取業,,,13258.0,12242.0,108.3
2025,C,製造業,,,10911808.0,9653036.0,113.04
2025,CA,食品及飼品製造業,,,,,
2025,CB,飲料及菸草製造業,,,,,
2025,CC,紡織業,,,,,
2025,CD,成衣及服飾品製造業,,,,,
2025,CE,皮革、毛皮及其製品製造業,,,,,
2025,CF,木竹製品製造業,,,,,
2025,CG,紙漿、紙及紙製品製造業,,,,,
2025,CH,印刷及資料儲存媒體複製業,,,,,
2025,CI,石油及煤製品製造業,,,,,
2025,CJ,化學材料及肥料製造業,,,,,
2025,CK,其他化學製品製造業,,,,,
2025,CL,藥品及醫用化學製品製造業,,,,,
2025,CM,橡膠製品製造業,,,,,
2025,CN,塑膠製品製造業,,,,,
2025,CO,非金屬礦物製品製造業,,,,,
2025,CP,基本金屬製造業,,,,,
2025,CQ,金屬製品製造業,,,,,
2025,CR,電子零組件製造業,,,,,
2025,CS,電腦、電子產品及光學製品製造業,,,,,
2025,CT,電力設備及配備製造業,,,,,
2025,CU,機械設備製造業,,,,,
2025,CV,汽車及其零件製造業,,,,,
2025,CW,其他運輸工具及其零件製造業,,,,,
2025,CX,家具製造業,,,,,
2025,CY,其他製造業,,,,,
2025,D,電力及燃氣供應業,,,360838.0,219424.0,164.45
2025,E,用水供應及污染整治業,,,119899.0,142908.0,83.9
2025,F,營建工程業,,,895208.0,685534.0,130.59
2025,G,批發及零售業,,,3647043.0,3340540.0,109.18
2025,GDP,GDP,,,28698415.0,25854635.0,111.0
2025,H,運輸及倉儲業,,,832656.0,1240674.0,67.11
2025,I,住宿及餐飲業,,,715974.0,569886.0,125.63
2025,ICT,ICT產業,,,,,
2025,J,出版影音及資通訊業,,,860052.0,795127.0,108.17
2025,K,金融及保險業,,,1837304.0,1742764.0,105.42
2025,L,不動產及住宅服務業,,,1981389.0,1804680.0,109.79
2025,M,專業、科學及技術服務業,,,681477.0,612605.0,111.24
2025,N,支援服務業,,,462738.0,429041.0,107.85
2025,O,公共行政及國防；強制性社會安全,,,1387206.0,1228013.0,112.96
2025,P,教育業,,,829089.0,752028.0,110.25
2025,Q,醫療保健及社會工作服務業,,,879075.0,815693.0,107.77
2025,R,藝術、娛樂及休閒服務業,,,253516.0,226810.0,111.77
2025,S,其他服務業,,,493371.0,443121.0,111.34
2025,加值型營業稅,加值型營業稅,,,485428.0,446096.0,108.82
2025,合計,合計,,,27571035.0,25036031.0,110.13
2025,總計(生產面),總計(生產面),,,28312100.0,25786997.0,109.79
2025,進口稅,進口稅,,,255637.0,297273.0,85.99
