日期(年/月),單位,電力消費_總計(數值),電力消費_能源部門自用(數值),電力消費_工業部門_合計(數值),電力消費_工業部門_紡織成衣及服飾品製造業(數值),電力消費_工業部門_紙漿紙及紙製品製造業(數值),電力消費_工業部門_化學材料及肥料製造業(數值),電力消費_工業部門_塑膠製品製造業(數值),電力消費_工業部門_非金屬礦物製品製造業(數值),電力消費_工業部門_基本金屬製造業(數值),電力消費_工業部門_金屬製品製造業(數值),電力消費_工業部門_電子產品及電力設備製造業(數值),電力消費_工業部門_其他(數值),電力消費_運輸部門_合計(數值),電力消費_運輸部門_國內航空(數值),電力消費_運輸部門_公路(數值),電力消費_運輸部門_鐵路(數值),電力消費_運輸部門_管線運輸(數值),電力消費_運輸部門_國內水運(數值),電力消費_運輸部門_其他(數值),電力消費_農業部門(數值),電力消費_服務業部門_合計(數值),電力消費_服務業部門_批發及零售業(數值),電力消費_服務業部門_運輸及倉儲業(數值),電力消費_服務業部門_住宿及餐飲業(數值),電力消費_服務業部門_出版影音及資通訊業(數值),電力消費_服務業部門_金融及保險業(數值),電力消費_服務業部門_不動產業(數值),電力消費_服務業部門_專業科學及技術服務業(數值),電力消費_服務業部門_支援服務業(數值),電力消費_服務業部門_公共行政及國防(數值),電力消費_服務業部門_教育業(數值),電力消費_服務業部門_醫療保險及社會工作服務業(數值),電力消費_服務業部門_藝術娛樂及休閒服務業(數值),電力消費_服務業部門_其他(數值),電力消費_住宅部門(數值)
201801,百萬度,20695.282408,1475.474207,12189.2319252,514.825018,303.909307,2694.312665,449.108645,487.54477,1615.958643,571.83332988,4097.9061481,1453.83339922,119.149654,0,3.26769,112.812675,3.069289,0,0,211.82353436,3404.89612386,906.78660868,179.173631,484.323253,257.29866737,135.553341,108.009645,100.14602329,54.167353,327.90672132,224.85284149,227.018346,82.735006,316.92468671,3294.70696358
201802,百萬度,18072.95280898,1299.205327,10414.27712737,407.642092,231.14985,2404.035073,358.132757,396.853488,1338.788606,440.37801378,3677.47234938,1159.82489821,111.369225,0,3.40921,104.906656,3.053359,0,0,194.89088341,2864.71326244,774.24972553,173.901132,424.737605,225.53023155,109.213866,91.981719,82.84053421,48.184731,278.89003684,161.27288046,194.35004,72.6037,226.95706085,3188.49698376
201803,百萬度,21128.319046,1508.255638,12296.61282231,529.188015,308.082515,2699.413639,454.066925,466.805942,1669.028955,569.09194812,4133.69576848,1467.23911471,124.614302,0,3.605376,117.85635,3.152576,0,0,220.44436302,3496.82762126,897.53514833,203.274108,488.09737,267.4897167,132.967015,109.971844,100.21308324,55.559629,306.51470062,256.46714268,240.261851,86.567226,351.90878669,3481.56429941
201804,百萬度,20920.022362,1520.227229,12078.34577206,506.242306,291.959244,2671.474525,425.190566,472.266599,1597.191577,552.06436462,4148.01687658,1413.93971386,125.91595,0,3.700089,119.137453,3.078408,0,0,230.20617824,3536.99969905,912.0419903,213.13231,510.21029,262.73999033,135.074952,111.458063,101.20352845,56.73277,306.9606011,268.54044984,249.76682174,92.216788,316.92114429,3428.32753365
201805,百萬度,22777.482997,1717.093492,13121.11545342,546.929992,308.296146,2844.863483,478.107328,503.921985,1701.429264,606.89285285,4498.93543508,1631.73896749,131.200176,0,3.791067,124.259865,3.149244,0,0,249.66473738,4133.52451424,1057.52664973,251.428713,597.730434,293.80760926,166.320545,131.434768,122.02721823,64.193822,332.51798065,375.77305781,302.37109601,108.163489,330.22913155,3424.88462396
201806,百萬度,22868.18128105,1677.72982804,12620.89955587,528.474489,307.930287,2654.389775,466.885119,476.186377,1627.284421,601.14603041,4351.30205224,1607.30100522,128.227802,0,3.924927,121.224637,3.078238,0,0,277.12121463,4280.54067703,1099.97139281,259.88228,650.794401,288.51762765,172.102232,136.13862,126.25612331,64.441234,333.35803596,356.24005858,307.70796731,116.172525,368.95817941,3883.66220348
201807,百萬度,24636.526007,1811.981909,13117.85573959,551.367711,319.194768,2672.333057,480.712262,496.106595,1671.098987,608.21854318,4605.92812558,1712.89569083,132.746301,0,4.069409,125.506807,3.170085,0,0,275.05562353,4571.66670797,1223.04715456,280.115544,721.933969,312.2720265,193.906856,151.78062,141.40838411,72.603582,348.0005097,294.60906648,327.95852883,128.426393,375.60407379,4727.21972591
201808,百萬度,24914.48959898,1756.87158,13237.60075162,556.747734,316.40535,2777.750321,487.919946,488.952273,1680.616057,631.51259541,4584.11894302,1713.57753219,132.572428,0,4.179597,125.164457,3.228374,0,0,286.86783766,4547.50298668,1203.93063039,283.621108,727.925796,307.19926975,190.422815,150.440587,140.3911328,72.566886,365.45848384,289.75840415,330.16570929,130.293918,355.32824646,4953.07401502
201809,百萬度,24444.13324,1653.337555,12687.50110007,528.506651,304.691791,2727.279696,447.922114,475.399159,1605.666772,589.88323285,4382.82751676,1625.32416746,127.52473,0,4.343845,120.033538,3.147347,0,0,272.65097955,4570.5281452,1223.45828401,272.674319,733.448525,307.93503968,185.538487,148.7947573,140.38426072,71.269235,346.67671703,339.4245762,309.78910236,125.610263,365.5245789,5132.59073018
201810,百萬度,23385.08049201,1628.670454,12735.88500977,523.653107,317.419007,2725.695835,452.761936,504.216033,1679.798376,599.28771529,4336.8022637,1596.25073678,127.367736,0,4.620665,119.587921,3.15915,0,0,259.86929283,4156.95626475,1097.55650623,251.834323,654.137403,287.28068605,164.98266,131.79368723,124.32375998,64.861833,329.32695953,311.75961197,281.16820654,113.77286,344.15776822,4476.33173466
201811,百萬度,21949.10223599,1541.948082,12257.2717379,488.956551,302.69708,2654.706326,438.379209,491.327329,1593.923643,581.79437289,4175.06973234,1530.41749467,126.706625,0,5.038334,118.681565,2.986726,0,0,244.42340814,3932.05789397,1046.52649564,234.731032,600.940235,284.74517706,157.23061,124.44877611,118.11715507,63.176568,340.40233426,283.03166555,260.29755939,103.792818,314.61746789,3846.69448898
201812,百萬度,20775.68617799,1585.638212,12213.41352993,481.942113,302.887491,2674.833989,437.295488,503.714989,1623.442368,575.36986055,4126.40789538,1487.519336,130.941871,0,5.219369,122.433121,3.289381,0,0,238.1349939,3595.36557704,969.29076553,222.320504,562.215588,273.90593358,144.09186,115.71513179,107.93804426,58.967137,334.89362154,262.12137456,246.58155255,98.42836,198.89570423,3012.19199412
201901,百萬度,20846.87996299,1534.303079,12202.44283522,494.025879,312.449016,2678.06406,445.417978,493.076063,1613.462478,569.34134122,4082.21664536,1514.38937464,127.56723,0,5.764838,118.602993,3.199399,0,0,219.03331232,3496.74088407,945.40298872,219.212234,527.960129,276.46041737,140.422015,113.67128969,103.9164889,58.867545,331.87576636,227.51997609,236.93827767,81.213939,233.27981727,3266.79262238
201902,百萬度,18362.42327402,1380.932564,10335.06604069,391.837424,248.601327,2352.375785,342.024907,398.461491,1346.777384,431.73216023,3617.30326077,1205.95230169,122.427867,0,5.471306,113.768215,3.188346,0,0,218.96321659,3116.51191018,840.03458845,193.817333,486.375186,253.86247695,116.505014,99.38961676,89.67351851,51.48304,287.91860784,190.09720608,211.81972922,85.154341,210.38125237,3188.52167556
201903,百萬度,20853.683674,1634.252915,12160.24111744,502.855206,303.517152,2609.39556,436.832461,487.650253,1647.197758,539.47560011,4164.29255461,1469.02457272,129.527122,0,5.969348,120.372388,3.185386,0,0,219.16571572,3432.3635143,899.5265861,218.966619,517.403701,275.70561094,130.697619,107.75375603,100.35198022,57.792041,306.45494685,256.13947807,243.38969923,92.420731,225.76074586,3278.13328954
201904,百萬度,20715.77171,1575.480509,12010.81525577,491.739323,280.476851,2525.727367,436.623465,473.262823,1571.238252,549.44718218,4196.17560312,1486.12438947,130.459394,0,6.042612,121.407308,3.009474,0,0,229.49103341,3565.86303189,910.69793751,244.086861,528.426918,272.15511055,136.995992,109.91097912,102.73262455,58.33746,319.29714078,291.41708186,263.63055981,98.034702,230.13966471,3203.66248593
201905,百萬度,22469.640845,1737.170165,12784.61934753,522.071966,313.205675,2699.127642,471.440306,490.891643,1623.202833,580.9755056,4456.81547168,1626.88830525,132.238462,0,6.314439,122.676921,3.247102,0,0,253.17272768,4041.49235524,1055.43180105,269.058815,623.724043,298.12928131,159.078613,124.74055555,119.59719431,66.398506,323.93949857,332.79377146,290.65933968,110.965316,266.97562031,3520.94778755
201906,百萬度,22780.98848479,1720.8940968,12377.73961867,484.711662,295.604167,2588.256327,447.009032,482.053642,1525.924357,557.92028316,4351.51658097,1644.74356754,131.772874,0,6.458143,122.244253,3.070478,0,0,261.85373054,4198.28745697,1063.70724894,284.417253,655.783063,291.64493002,161.579266,125.73453378,120.73249102,65.956748,341.31978684,335.36993495,307.38635841,118.725528,325.93031501,4090.44070781
201907,百萬度,24146.70242398,1762.690436,13186.97124039,522.443495,321.680041,2784.66851,479.602626,492.539754,1570.882827,590.76804836,4680.53431825,1743.85162078,138.056556,0,6.768095,128.1565,3.131961,0,0,267.8148316,4436.93815562,1154.32708971,304.241409,712.343837,307.77466997,182.810745,130.47666895,130.35464797,68.633496,373.9943568,299.30979095,340.38770335,131.912333,300.37140792,4354.23120437
201908,百萬度,24853.14669201,1811.451439,13209.47147425,519.783882,307.297573,2814.182781,481.536014,493.734333,1563.444723,596.89660227,4692.0772008,1740.51836518,136.473901,0,6.860278,126.210187,3.403436,0,0,293.47278001,4523.00359779,1146.86130038,317.070359,749.89805,309.12238208,177.900749,119.52247089,120.82123108,64.67479,393.54227297,286.86726083,345.41753654,141.533748,349.77144702,4879.27349996
201909,百萬度,24187.34744901,1576.774461,12300.10280445,479.262231,294.24016,2452.983606,453.583065,470.419282,1488.499051,561.84933149,4431.56779261,1667.69828535,132.293377,0,7.108378,122.068546,3.116453,0,0,288.09809708,4491.90186859,1177.16556373,304.88823,769.750321,311.20896465,173.947089,110.8353326,111.87084434,64.319559,376.33570572,328.86440135,317.69216989,137.755805,307.26788231,5398.17684089
201910,百萬度,23698.612089,1683.106044,12678.81559044,477.674789,300.260121,2709.91658,467.78577,483.811593,1524.95217,561.65678785,4484.45767875,1668.30010084,137.619374,0,7.518153,127.086663,3.014558,0,0,283.75069283,4168.96733024,1057.33769555,288.594672,690.794979,291.06516783,157.725085,98.49380749,101.31603691,58.366638,364.0909365,324.25111525,302.04719509,127.880402,307.00359962,4746.35305749
201911,百萬度,22056.616342,1564.295526,12177.67879457,451.073235,293.349661,2638.655421,447.732201,488.334594,1461.640797,545.87941691,4261.73678827,1589.27668039,129.05746,0,7.805653,118.437111,2.814696,0,0,269.6406871,3829.24132777,975.19747464,263.030145,642.611777,287.22056984,133.956846,72.33975428,90.88441884,56.949381,375.37984784,266.69544682,261.69753032,116.06085,287.21728619,4086.70254656
201912,百萬度,20750.98936698,1596.061161,12294.95758555,450.508899,319.160879,2642.873592,453.184342,498.566617,1519.051726,546.84126116,4323.63909001,1541.13117938,132.32892,0,8.626229,120.983078,2.719613,0,0,241.33978023,3380.46745207,841.70290054,244.02196,548.394412,273.7367646,115.466146,57.84856518,74.4283756,52.676841,364.22480562,248.08921844,244.84776019,103.691739,211.3379639,3105.83446813
202001,百萬度,19982.09569399,1551.36017985,11694.83752686,400.964166,289.124245,2640.606673,388.666588,444.568542,1454.483197,462.90877572,4232.0378764,1381.47746374,132.18259915,0,7.314296,122.055926,2.81237715,0,0,219.39472713,3228.26506068,807.07345707,235.315257,513.866122,268.94143281,106.034686,55.3303001,69.41711581,51.134109,350.22112852,193.96269486,232.23431947,95.332637,249.40180104,3156.05560032
202002,百萬度,20085.77283,1493.47465999,11549.28267941,425.432069,274.928801,2410.44768,422.556876,447.814129,1507.095116,506.94270621,4103.40024108,1450.66506112,119.62802301,0,7.38807,109.8532,2.38675301,0,0,251.31689492,3187.12382197,808.13592763,227.127098,522.809929,273.33410596,103.039996,51.37292193,67.46379896,49.375278,323.68275071,170.0603641,226.4959612,98.366393,265.85929748,3484.9467507
202003,百萬度,21298.53177959,1620.98103838,12429.78428132,460.718832,313.972376,2499.940554,444.059014,490.032679,1619.076617,563.49404832,4478.23141473,1560.25874627,129.10763222,0,7.964022,119.129063,2.01454722,0,0,228.80367113,3293.30107229,811.65206723,242.882517,495.564476,276.32931932,111.584552,55.91481869,74.46748432,51.765037,339.91699852,240.41708433,249.19088228,97.005865,246.6099706,3596.55408425
202004,百萬度,20359.060356,1561.73240954,11802.21468722,344.883844,305.41075,2377.810977,429.528796,464.200477,1499.06228,538.74852816,4354.42168292,1488.14735214,124.86855146,0,8.015037,114.497762,2.35575246,0,0,250.46794968,3270.25518557,810.50860027,238.167184,494.497814,274.65520443,109.138585,52.3578482,70.01135743,51.321862,336.65110095,234.44269379,244.50378281,96.792195,257.20695769,3349.52157253
202005,百萬度,21916.10609683,1623.13722469,12542.20173502,341.486264,305.339485,2590.471551,435.862157,490.801953,1508.743159,530.43632789,4757.24414761,1581.81669052,124.55166631,0,8.189975,113.617659,2.74403231,0,0,263.02354465,3762.74599307,911.37594015,282.033823,555.370837,292.98487442,129.417737,64.20710202,83.43543542,56.840067,369.91217952,323.45591249,298.72299954,110.767503,284.22158251,3600.44593309
202006,百萬度,22945.98645801,1618.86909659,12587.52146651,352.694766,292.031271,2634.269161,443.041675,487.679317,1482.004522,529.14370564,4722.44553564,1644.21151323,132.06643141,0,8.317595,121.247093,2.50174341,0,0,285.16772533,4083.53042497,968.34683199,295.070337,634.250249,294.683596,141.78864,68.07565333,86.206919,58.3984,394.57828472,358.83101597,324.89372231,128.287782,330.11899365,4238.8313132
202007,百萬度,25442.56467397,1757.88060158,13306.4137107,399.133549,316.417093,2724.455501,489.968188,493.458341,1448.192041,590.48939227,4994.95477569,1849.34482974,139.38996442,0,8.526147,128.182983,2.68083442,0,0,331.93853162,4663.31388936,1171.43047722,328.275011,784.718214,328.42036082,167.655693,82.60084368,104.33256082,67.345737,424.61013722,320.51223577,356.75824024,154.691566,371.96281259,5243.62797629
202008,百萬度,25231.26895343,1769.31565004,13120.36827678,408.574525,295.875505,2613.252743,480.360415,494.966449,1508.167324,575.71041958,4976.6977579,1766.7631383,140.69708036,0,8.750244,129.184845,2.76199136,0,0,302.26237587,4375.80138568,1077.7138781,314.483375,743.002759,304.07921841,153.250151,77.13172273,95.97178541,65.255093,418.44478608,284.51300472,343.05750166,148.619585,350.27852557,5522.8241847
202009,百萬度,25361.004256,1684.90738372,12977.17482518,421.583148,297.82498,2556.894659,496.419313,473.121173,1488.12478,608.2894508,4821.67159667,1813.24572471,136.86203728,0,9.117972,125.1439,2.60016528,0,0,324.89972682,4630.7027543,1169.14584642,314.33368,799.538234,323.03511086,162.576756,80.40197253,99.01245286,68.466469,408.14601158,345.80204129,329.51962609,149.976969,380.74758467,5606.4575287
202010,百萬度,24049.95905802,1583.8620506,13011.9705403,408.194071,312.28061,2746.709087,465.195614,487.82369,1536.028882,577.04325849,4811.70274491,1666.9925829,136.8804034,0,9.237393,125.048411,2.5945994,0,0,293.06636445,4062.14533401,1007.55474075,285.7126,694.231902,295.80315747,134.825146,68.48712296,84.05486447,61.876894,365.51012882,299.35597641,298.65445147,133.701084,332.37726566,4962.03436526
202011,百萬度,22640.89480501,1503.35025463,12773.04836403,405.765993,308.945393,2664.490183,467.903654,477.287736,1549.111586,582.82724143,4680.02377309,1636.69280451,131.90790737,0,9.392576,119.901299,2.61403237,0,0,272.70193369,3851.72924295,957.05393481,264.670845,635.409088,294.3869178,130.002547,65.23549542,84.6186688,60.660434,372.63811729,275.33486856,272.57453761,122.32896,316.81482866,4108.15710234
202012,百萬度,21922.49725701,1537.14795035,13081.03032128,416.483212,320.658505,2716.897437,476.598131,504.096356,1643.088871,612.57310685,4741.52432683,1649.1103756,132.42216265,0,10.061074,119.529242,2.83184665,0,0,251.3857745,3709.11638273,927.45589591,253.069274,614.454955,292.48862758,123.288863,62.75054371,83.04660903,59.49283,361.00436337,253.16804915,254.20272975,113.638254,311.05538823,3211.3946655
202101,百萬度,21607.60069585,1491.36615846,12815.66489227,422.191286,309.073676,2780.085154,468.987976,501.908468,1650.089761,604.10200171,4494.0815195,1585.14505006,131.92562836,0,10.070719,119.246315,2.60859436,0,0,246.10056041,3396.38296373,843.27549034,235.478998,540.607994,290.2386547,108.763905,56.18914706,75.42941703,56.60941,350.92551563,210.54782646,233.93484738,103.231143,291.15061513,3526.16049262
202102,百萬度,19576.61861492,1356.334064,11265.25569135,343.827369,265.00449,2472.404184,387.435204,398.099431,1401.893979,487.14628733,4181.90288581,1327.54186121,124.26442992,0,9.923402,111.831045,2.50998292,0,0,232.80349743,2998.60547913,742.81286949,214.324469,484.274347,263.88266165,92.387194,48.0650076,62.93808536,50.165458,307.02183861,164.48910358,213.85610274,94.31828,260.0700621,3599.35545309
202103,百萬度,22567.34264019,1527.70722487,13330.91280847,436.028379,319.94815,2758.523585,506.372317,489.224781,1688.86223,628.89863412,4794.30930607,1708.74542628,136.42471232,0,10.509581,123.136125,2.77900632,0,0,264.06678372,3541.64490285,872.55476409,248.797623,560.037658,308.58270478,110.878503,57.05034983,78.4760365,56.024696,337.13583421,248.38316001,256.45186951,111.091282,296.18042192,3766.58620796
202104,百萬度,21861.49503867,1525.52173495,12939.85563345,425.513074,294.259822,2729.072831,477.386442,479.370734,1627.17593,617.17498654,4683.80886962,1606.09294429,135.41590172,0,10.6529,122.194639,2.56836272,0,0,254.99251006,3483.67005302,834.97038525,253.298793,552.103658,290.95468602,107.688758,55.06242204,74.78349903,55.320577,342.44418418,256.32821559,259.89341857,112.443411,288.37804534,3522.03920547
202105,百萬度,23563.70113518,1727.97416174,13950.76482271,467.724484,320.474421,2862.954952,504.238251,509.413105,1713.873561,657.72935513,5201.758801,1712.59789258,131.35217744,0,10.948228,117.739084,2.66486544,0,0,278.10206709,3915.74946116,929.99097646,293.911049,606.854645,319.64911925,128.6089,63.30629097,87.95379478,60.322486,376.16570872,299.72426734,311.9012635,115.415454,321.94550614,3559.75844504
202106,百萬度,24006.02288077,1662.60770482,13794.67880005,449.118007,313.970022,2857.189445,496.751621,484.66780342,1672.39582,661.91891352,5146.9906125,1711.67655561,107.00719095,0,10.600321,94.009968,2.39690195,0,0,294.83856047,3757.48262054,898.77508852,294.113504,545.71647,306.84193651,129.911875,58.91604021,84.91857733,59.914495,372.46047521,237.73342224,312.8402561,84.25268,371.08780042,4389.40800394
202107,百萬度,25657.64688916,1713.97953867,14431.7847416,470.703524,325.013282,2964.458405,519.14245,511.22519878,1689.032139,687.92325716,5440.00532794,1824.28115772,112.83232848,0,10.830215,99.562567,2.43954648,0,0,288.84926817,3957.07092659,989.07020438,318.532194,549.462324,331.17323108,144.629203,68.59072564,96.69990508,64.442122,396.92169667,239.50653837,339.49164579,79.448338,339.10279858,5153.13008565
202108,百萬度,25698.06916983,1670.84014882,14275.1612463,463.842047,320.004196,2932.736618,506.742204,489.19137508,1689.525539,686.14043242,5409.23884498,1777.73998982,128.066204,0,11.316928,114.282983,2.466293,0,0,294.48369436,4016.27687319,1005.33912531,318.975942,574.307486,331.52099516,143.562267,69.5230958,94.41400716,65.341189,402.08430304,244.62232886,336.63494046,89.954934,339.9962594,5313.24100316
202109,百萬度,25769.07777108,1626.23471403,13813.30101998,448.593236,308.329775,2740.043412,486.800497,476.04710593,1630.018177,671.90640376,5274.02760446,1777.53480883,130.79295705,0,11.925091,116.476534,2.39133205,0,0,304.03335741,4391.21061819,1089.94308044,319.070364,662.525763,345.38251829,152.340635,76.07672076,98.82945929,66.852058,404.38981935,314.4959374,335.09401646,102.948183,423.2620632,5503.50510442
202110,百萬度,25938.93467513,1642.52274158,14086.15914488,450.321339,318.587226,2884.574866,488.735877,491.71056423,1708.059822,669.77642739,5339.87532913,1734.51769413,132.30131355,0,12.181247,117.695633,2.42443355,0,0,317.19679983,4341.48299576,1066.62310965,312.13521,692.210956,343.60619992,140.055708,71.81843787,93.34158092,66.522438,385.40511503,320.90854868,318.59839714,110.307559,419.94973555,5419.27167953
202111,百萬度,24167.05811935,1467.96099095,13392.51824784,429.85836,311.829273,2778.121781,467.157565,481.61592284,1638.540571,636.86141721,5017.64892605,1630.88443174,129.72685538,0,12.603877,115.016097,2.10688138,0,0,275.8403138,3977.91804417,984.6327339,272.976966,636.316688,324.59446067,128.590734,66.89581842,86.90804167,62.518946,366.2403688,264.8960993,270.18151613,108.995598,404.17007328,4923.09366721
202112,百萬度,22765.3614782,1404.61952498,13508.03952435,432.674486,314.078411,2789.674656,466.345254,507.95837691,1679.361781,635.66387551,5088.9083149,1593.37436903,134.08542122,0,13.019792,119.004293,2.06133622,0,0,256.73505647,3618.51939674,864.59322861,255.664792,567.185063,317.67542964,111.466518,57.27625619,74.51095373,60.14351,352.92078863,243.27533543,251.4508048,106.597184,355.75953271,3843.36255444
202201,百萬度,21910.52364782,1441.96200008,13030.01983331,415.212043,301.056933,2677.146845,454.736215,484.682718,1582.467126,587.20794675,4930.3049425,1597.20506406,133.46871473,0,13.10419,118.032949,2.33157573,0,0,244.36026339,3516.9789124,853.44088447,249.874401,545.68304,322.24336967,106.552257,56.05379082,73.58597219,60.060559,333.44676099,208.89169275,240.91836033,102.828129,363.39969518,3543.73392391
202202,百萬度,20139.36418617,1350.61051868,11535.7289233,352.424543,259.785724,2366.279525,387.128553,398.99745438,1409.083043,509.75847,4492.10540543,1360.16620549,128.59676847,0,13.487164,113.178437,1.93116747,0,0,241.27431186,3159.06800856,779.89029365,216.72364,506.462465,294.60013156,89.704057,47.49089876,66.25998956,52.291256,292.46351494,173.72392769,212.80640378,95.802966,330.84846462,3724.0856553
202203,百萬度,22808.92384617,1520.19573866,13304.43212883,435.277024,317.147003,2594.154598,486.111994,482.17561743,1641.047724,624.85063906,5068.97152882,1654.69600052,132.22264053,0,14.339727,115.940486,1.94242753,0,0,243.37899559,3618.41493516,859.69170439,264.807356,545.751196,322.27106432,107.70908,57.21988516,81.70398832,57.433587,328.17565226,252.43997601,260.26238792,108.199231,372.74982678,3990.2794074
202204,百萬度,21624.77464239,1522.48938219,12977.97405807,401.229242,289.286801,2576.184497,453.230746,463.00031912,1587.163203,585.46057382,5069.55374332,1552.86493281,136.56170824,0,14.643181,119.701425,2.21710224,0,0,217.90394467,3371.64693672,770.40616855,250.27482,498.77046,293.1162796,99.989565,52.29941898,74.5589246,52.443681,327.2659199,251.77677463,260.05784755,103.61255,337.07452691,3398.1986125
202205,百萬度,22697.42528879,1650.42950933,13659.58650648,406.006866,313.931812,2704.83729,469.930161,492.41549473,1657.496845,604.91161758,5357.50860609,1652.54781408,134.06965747,0,15.399449,116.54945,2.12075847,0,0,249.01776375,3705.03522217,871.58314372,277.897912,548.605499,320.29389126,113.557282,58.72144292,85.04607326,57.842312,336.10794124,264.53563476,288.1102242,111.503414,371.23045181,3299.28662959
202206,百萬度,23316.33949244,1699.3767371,13437.20135496,408.40084415,286.125113,2519.350197,466.738392,462.90485636,1547.2912,614.01008125,5394.39033257,1737.99033863,133.44189835,0,15.340158,115.751306,2.35043435,0,0,272.90574073,4027.35046788,940.34036985,303.928208,600.951684,330.22120928,125.54034,64.03777819,90.85882828,59.214039,364.42524914,286.13471271,318.30095926,125.178827,418.21826317,3746.06329342
202207,百萬度,25382.83438323,1852.77826972,13879.26090888,421.41738887,293.856787,2599.879152,473.019976,484.93320793,1522.457056,624.59557318,5562.33157609,1896.77019181,142.85429748,0,15.232844,125.279476,2.34197748,0,0,301.61220523,4515.49652482,1105.03507795,337.011582,709.662326,349.01190329,146.659382,70.51330959,105.61635551,64.957271,400.61248517,281.54620305,354.23044391,139.260129,451.38005635,4690.8321771
202208,百萬度,25795.32250123,1777.39541385,13614.36281682,425.42702348,290.149937,2388.271904,470.032402,478.43094812,1458.175574,618.17724662,5577.22706417,1908.47071743,148.60083838,0,16.009689,130.414803,2.17634638,0,0,315.07965876,4626.63862251,1121.79858146,337.408076,750.913794,342.93008447,149.760976,72.21165294,107.34686988,66.500141,420.56032188,293.99389984,357.30988827,145.709761,460.19457577,5313.24515091
202209,百萬度,26023.49018071,1707.48136462,12962.97574352,394.75746198,283.479496,2335.258002,445.586273,455.57849449,1393.571429,608.04645938,5207.53210326,1839.16602441,144.0065861,0,16.700231,125.185873,2.1204821,0,0,336.25360131,4831.93495325,1215.89549251,327.022276,821.904833,363.28963242,153.219895,75.27771784,109.11200316,67.107131,387.70306639,336.88419542,332.89806159,147.637164,493.98348492,6040.83793191
202210,百萬度,24888.37448474,1563.35169695,13183.06552779,370.73898679,303.820503,2548.753955,428.199087,452.96835245,1486.703974,579.28817126,5274.30237053,1738.29012776,140.34125178,0,16.894511,121.288268,2.15847278,0,0,306.1557128,4351.63856963,1071.44985881,306.689578,726.880408,336.81768663,132.910071,65.58604026,96.4727289,62.019357,364.84511496,312.19653845,308.81821715,134.600025,432.35294547,5343.82172579
202211,百萬度,22879.6768182,1437.69574855,12713.11431418,349.16134236,287.254902,2446.125699,420.902661,442.51458357,1418.75679,551.24249517,5111.72207193,1685.43376915,140.42775865,0,17.394823,121.1248,1.90813565,0,0,268.22014785,4019.92459231,980.89104323,279.59964,640.430397,319.20205936,124.413736,61.60656867,89.95425942,57.293442,372.205566,289.82628735,286.78037738,118.877364,398.8438519,4300.29425666
202212,百萬度,21561.41610872,1444.45628714,12642.10117761,337.9093062,299.335196,2439.565468,420.958371,471.41414429,1448.494151,546.12982826,5061.87825563,1616.41645723,143.37233158,0,18.720102,122.379811,2.27241858,0,0,266.45906775,3668.29974669,905.34538445,258.611876,607.09362,316.11337542,110.651572,53.21841694,81.09142042,56.163362,350.03280747,248.03272311,254.89308454,111.189166,315.86293834,3396.72749795
202301,百萬度,20888.63596738,1496.58128676,11594.26342772,279.29109421,250.412412,2250.305519,344.868852,410.97429874,1290.443552,426.7410207,4921.28362956,1419.94304951,145.5906976,0,18.664683,124.52808,2.3979346,0,0,253.86319,3550.82271672,896.83761037,246.362489,575.240992,320.07922877,103.271127,51.75765407,76.25603877,54.738716,332.53568949,196.18671941,240.50094218,102.658779,354.39673066,3847.51464858
202302,百萬度,20317.56082091,1319.00862356,11325.24732126,330.61445585,270.405811,2202.526856,362.731879,405.34703111,1363.998909,483.14033613,4461.5619945,1444.92004867,135.25214636,0,18.928994,114.250097,2.07305536,0,0,250.62811519,3283.89022406,811.77212295,223.214384,541.810957,294.37086401,93.248654,46.24495587,71.53700301,49.810747,312.879169,188.69345986,225.10017211,99.194127,326.01360825,4003.53439048
202303,百萬度,21770.31745957,1508.76400029,12645.20342506,333.87312947,305.408065,2378.253984,399.258515,464.99750687,1572.343729,494.98275677,5086.61407087,1609.47166808,147.6147593,0,20.45019,124.774551,2.3900183,0,0,231.89787427,3456.76429569,822.97260419,248.516245,525.288782,316.80289105,103.678985,50.4329268,79.07571105,50.857194,327.57122129,245.39519287,252.65151749,101.089162,332.43186295,3780.07310496
202304,百萬度,20839.99244335,1588.04275178,12086.49425766,299.68065944,268.841748,2194.985631,347.945341,437.2974754,1573.87185,446.68484443,5008.12366685,1509.06304154,146.0905342,0,20.621659,123.116751,2.3521242,0,0,241.99159482,3451.13441178,820.42864758,251.843975,537.078007,301.61324065,99.85701968,48.37951241,75.10871465,50.436146,328.15968479,248.56239218,259.90156348,104.760566,325.00494236,3326.23889311
202305,百萬度,22489.55674852,1635.60874636,13041.17206629,323.74003814,303.482916,2384.933843,388.48797393,447.64622195,1580.891164,500.22773781,5411.85535162,1699.90681984,155.93345664,0,21.722005,131.917732,2.29371964,0,0,256.25383182,3945.53978197,936.92349056,282.644523,611.036332,325.92169347,120.85650769,58.24031142,90.20842447,54.542089,354.12564494,321.54050649,300.67847521,117.727645,371.09413872,3455.04886544
202306,百萬度,22913.93961836,1608.83795633,12918.05869093,318.57228572,296.144787,2367.87073362,374.49755169,432.55081719,1508.622949,487.35945292,5415.31290688,1717.12720691,156.94639932,0,22.467234,132.12337,2.35579532,0,0,264.70562291,4121.54557949,961.94394428,301.71785,644.681855,319.15615596,125.54801294,60.56686363,91.58416596,55.314334,369.85806541,330.92555159,324.3148217,127.063582,408.87037702,3843.84536938
202307,百萬度,25100.93506524,1705.25631891,13624.39798229,345.51428953,295.043176,2481.35066368,393.90399959,456.76029176,1581.529527,512.89287162,5734.99788207,1822.40528104,162.44015944,0,22.985621,137.183779,2.27075944,0,0,311.18068203,4634.70037749,1143.47216689,333.161745,770.543337,351.90837901,147.7003108,72.0550873,103.32617801,61.495859,396.61419376,294.02798169,354.80508158,148.405151,457.18490645,4662.95954508
202308,百萬度,25679.01250332,1627.4801827,13583.13949311,361.80600407,285.50109,2380.46805546,407.6063604,477.15185555,1551.873514,533.21193133,5728.51111751,1857.00956479,170.70556131,0,23.810197,144.692678,2.20268631,0,0,311.65673237,4651.72908537,1139.44352284,332.525105,784.55149,345.08994289,146.61275391,72.94285914,104.92565018,63.262108,407.28148281,288.70358565,355.69861746,150.549443,460.14252449,5334.30144846
202309,百萬度,25809.31545899,1599.74324537,13147.48673147,347.78979937,293.994074,2354.83058568,390.47243435,449.81784967,1512.14436514,509.94752545,5498.3486077,1790.14149011,152.58703104,0,24.289202,125.958408,2.33942104,0,0,319.20086273,4866.95859421,1212.9997938,344.37681,826.208528,357.64609217,154.51560883,75.38209907,108.32269717,65.099864,392.55111138,350.77053086,340.29571055,150.952631,487.83711738,5723.33899417
202310,百萬度,24754.94796197,1498.04012717,13164.1813875,336.96391317,303.394432,2399.85148556,357.67526037,467.13186128,1538.96672211,487.58753726,5576.79329882,1695.81687693,156.19364918,0,25.195075,128.972809,2.02576518,0,0,296.60127215,4436.95024845,1085.53149267,316.147719,748.340122,344.98925592,135.02670748,65.30127799,95.16859192,59.20801,370.4546265,325.62812079,317.03203188,137.542587,436.5797053,5202.98127752
202311,百萬度,23205.00919589,1451.08444368,12550.62669289,329.37585364,296.882756,2311.88656437,385.38885804,433.71920585,1515.71302765,496.19093953,5126.73634896,1654.73313885,159.15410972,0,25.977732,130.882066,2.29431172,0,0,276.77559554,4156.37292037,1036.43245668,278.127207,700.925867,332.46560366,127.96214783,62.13765483,91.54925766,56.331271,366.70879607,280.95473103,280.55821889,125.553935,416.66577372,4610.99543369
202312,百萬度,22025.07633063,1405.56850432,12748.69487116,328.39296556,295.753368,2365.11917589,366.32823339,444.84357422,1630.09111591,496.05703212,5238.74643001,1583.36297606,167.75563196,0,26.948869,138.487113,2.31964996,0,0,262.2652748,3743.51428217,914.9461,253.52912,616.506165,322.53739991,111.48684008,52.83580838,81.14129291,53.852542,349.33731761,249.10565414,261.26932887,113.352736,363.61397727,3697.27776622
202401,百萬度,21953.59229166,1350.51106443,12706.30935902,347.39453067,302.119494,2329.50154155,371.4774082,467.39622828,1574.55104654,508.188972,5198.29085519,1607.38928259,159.05089974,0,27.205079,129.733128,2.11269274,0,0,260.13446336,3692.8972475,922.91600484,253.145232,606.37675,327.43496568,108.73215499,52.90918307,80.43715868,54.623158,341.62316095,212.31507709,248.39195679,109.229609,374.76283641,3784.68925761
202402,百萬度,19840.81005604,1321.9444677,11194.61637459,278.86241647,237.002157,2089.59579813,284.85267489,387.6780901,1392.28992017,392.7031556,4793.79586002,1337.83630221,152.31350004,0,27.455797,122.762731,2.09497204,0,0,232.50473948,3234.56838769,797.27023276,230.593656,526.182279,291.20546024,92.63612788,44.51979344,67.89481224,48.366697,301.97145804,182.61136881,228.47632105,97.035121,325.80506023,3704.86258654
202403,百萬度,21967.97064706,1486.71006964,12781.67797795,343.82073449,298.210577,2331.49411835,356.81645841,481.36561407,1626.01966911,493.859398,5283.24021804,1566.85119048,161.35769762,0,28.309196,130.745612,2.30288962,0,0,247.96960087,3546.29838771,855.8246162,251.848408,560.060475,320.59755375,101.22382797,53.79155736,75.95334312,45.729651,325.53141663,243.40022903,255.04210081,106.918203,350.37700584,3743.95691327
202404,百萬度,21946.73901328,1519.23066631,12588.7934311,340.68847871,254.624846,2333.18241626,355.40797871,412.25148832,1526.00689522,509.37730831,5255.6185392,1601.63548037,159.97297477,0,27.935329,129.403301,2.63434477,0,0,261.67515286,3765.65120837,885.88308474,282.051865,588.778398,316.45085795,109.90216807,67.85530254,75.33854992,42.077645,367.64597779,283.52356474,281.02782733,116.515957,348.60001029,3651.41557987
202405,百萬度,24136.63589712,1555.13779754,13698.85098182,364.11374763,283.249596,2576.28434419,389.39702864,467.20135267,1641.94457903,565.86539839,5650.80309275,1759.99184252,150.41095468,0,29.71076,118.125161,2.57503368,0,0,301.58545772,4363.79148161,1055.755226,327.369815,714.990568,353.39958309,128.809099,75.18672024,90.26099163,47.630826,381.17417352,327.0319961,307.31128914,135.819734,419.05145989,4066.85922375
202406,百萬度,23840.44894323,1525.153182,13331.05316538,345.48719891,274.801137,2482.42208299,365.55901476,477.37485003,1543.34770873,531.62025717,5629.42098986,1681.01992593,150.69695988,0,30.977136,117.242511,2.47731288,0,0,276.46003327,4259.21382151,995.82679329,330.719008,682.129177,329.16682771,128.10991297,75.42439152,87.09857356,45.550214,384.32820327,322.7879349,319.87635211,134.977106,423.21932718,4297.87178119
202407,百萬度,25677.45200062,1622.41654711,13876.60013084,371.14474632,289.458759,2546.32556267,390.76516694,481.36957334,1535.26484228,572.6663896,5851.02618056,1838.57891013,155.92645997,0,32.044998,121.365182,2.51627997,0,0,327.22776013,4816.0116559,1174.20808737,367.056609,806.612528,367.68524345,151.75398325,87.96703983,101.59003868,51.338377,422.16464822,298.8834977,360.00168975,156.658218,470.09169565,4879.26944667
202408,百萬度,26712.91478544,1571.42515609,13862.77449879,383.03874668,288.541553,2354.60581463,403.48004552,468.38107568,1556.43796579,598.35380702,5925.64002913,1884.29546134,163.25031855,0,32.361171,128.322689,2.56645855,0,0,341.67329895,4949.05587757,1215.71913612,375.536317,852.073296,373.02651418,152.86385476,88.51848002,99.23052377,53.386353,432.76093562,290.77306694,361.21135997,164.679046,489.27699419,5824.73563549
202409,百萬度,27003.66340883,2053.61300973,13432.52683818,359.00585358,272.076767,2408.6221199,370.0592897,464.79427452,1482.7640045,558.26795299,5729.97837596,1786.95820003,157.25848489,0,33.462843,121.496857,2.29878489,0,0,324.74696821,4970.62404593,1224.79480172,365.440514,842.890171,374.36461268,150.32785679,89.68084031,103.99386453,53.269798,414.65731224,357.29222185,344.31293834,156.225875,493.37323947,6064.89406189
202410,百萬度,25029.54699996,1530.67490508,13321.60240411,344.93302881,279.318581,2379.93806795,364.26862823,449.40669179,1492.98443214,532.6512391,5769.76068845,1708.34104664,153.85329213,0,34.262627,117.333732,2.25693313,0,0,298.36077074,4506.11665583,1081.807666,332.883614,760.235641,359.6360597,131.6849314,78.88807692,90.39406904,48.29011,393.15064332,334.73990089,321.88727223,142.173905,430.34476633,5218.93897207
202411,百萬度,23827.73857836,1454.06297048,12923.06987988,320.65448555,274.943898,2323.69988902,373.54971665,443.35514348,1494.04691069,545.43182875,5477.03399696,1670.35401078,168.72877841,0,34.928132,131.345934,2.45471241,0,0,288.92854492,4281.17753536,1060.24380126,294.670419,733.301989,356.65619797,122.82108191,74.43858573,87.96286195,48.132171,383.64045606,277.89985666,285.66032802,134.030405,421.7193818,4711.77086931
202412,百萬度,21913.7882213,1513.73856983,12847.53097724,335.22852028,284.635913,2328.59748416,367.75108091,478.86327428,1543.05952422,540.00426148,5388.4466334,1580.94428551,175.01853056,0,35.690651,136.858514,2.46936556,0,0,242.59594358,3642.00834813,880.15590412,256.364427,600.955491,335.10744183,105.18303856,63.44375256,75.29836075,43.029931,361.72679696,241.08445999,251.08661385,112.00887,316.56326051,3492.89585196
202501,百萬度,20822.94544607,1347.3448785,12159.07889785,295.0257725,254.472799,2272.33104155,314.27778321,464.00012705,1431.33536532,459.35042127,5222.67632256,1445.60926539,172.64520377,0,36.400263,133.682414,2.56252677,0,0,224.91748207,3387.09390632,820.80260666,235.998414,538.565218,331.99941003,97.59822666,57.94337325,66.96319504,39.907709,344.13808563,190.7463632,232.47475688,99.508458,330.44808997,3531.86507756
202502,百萬度,19883.95957872,1188.77917348,11400.848338,284.61501916,243.529723,2068.31675563,319.0371169,375.21196676,1323.56613316,469.29877392,4927.06751831,1390.20533116,157.40162081,0,37.151131,118.04845,2.20203981,0,0,228.46894108,3151.77510246,760.58070012,217.525738,510.407102,313.49354583,86.28599354,51.98471406,62.38669025,36.8589,312.21181733,180.90501848,217.47220835,95.436684,306.2259905,3756.68640289
202503,百萬度,21982.31909549,1343.11902987,12911.46490411,321.52080364,267.947229,2309.38074957,358.69088094,469.30144893,1510.77572508,524.50627874,5594.60890988,1554.73287833,172.66696174,0,37.531945,132.25032,2.88469674,0,0,225.68776826,3475.20471658,817.43460978,243.219877,535.201358,340.4250739,99.74446973,60.42444168,72.00709536,39.33739,337.89758867,239.12927448,250.16417555,104.770122,335.44924043,3854.17571493
202504,百萬度,21755.67295765,1301.63329727,12842.43472039,308.51920839,262.560577,2285.06202715,349.28561762,468.42769561,1519.22927692,522.33258929,5549.56675758,1577.45097083,173.05770244,0,37.471855,133.230897,2.35495044,0,0,246.27547672,3613.55551921,845.00027298,259.607468,563.839251,339.22574509,104.32538595,61.77725624,71.99392363,39.768836,350.73371825,258.98330408,263.96573413,112.404107,341.93051686,3578.71624162
202505,百萬度,23416.32324944,1424.51882547,13570.4726557,312.48544821,279.088013,2431.34590444,371.53583685,480.20393318,1550.54372672,539.96094865,5896.66856219,1708.64028246,161.51983233,0,38.227588,120.855359,2.43688533,0,0,274.60964711,4219.96697322,987.39882102,320.072603,664.007331,371.61795304,123.06666458,73.90814837,85.50989207,42.87606,377.84870599,325.59184782,307.29651134,132.199412,408.57302299,3765.23531561
202506,百萬度,23953.6026006,1451.74186751,13308.10155747,311.46848896,262.799691,2381.92846375,371.39458014,469.52860126,1370.62626864,540.08206525,5857.62921663,1742.64418184,163.23592133,0,39.107543,121.690739,2.43763933,0,0,293.54847666,4489.73437558,1028.6196221,337.310556,716.4353,361.43808227,129.67691368,78.86278226,87.5520804,43.96762,397.88443473,339.96869801,328.88991609,143.300946,495.82742404,4247.24040205
202507,百萬度,25629.4771476,1445.87136444,13826.38643986,323.41497204,277.329474,2431.11681591,382.86683962,476.02796623,1401.89792245,567.7408379,6114.89984209,1851.09176962,168.77569561,0,40.128002,126.338868,2.30882561,0,0,317.21325093,4836.61417732,1173.99746056,370.464915,813.166419,388.25106237,141.02299122,89.36014616,101.06608456,48.463491,416.58697838,290.14396744,352.43779734,159.274833,492.37803129,5034.61621944
202508,百萬度,26177.90365315,1476.96933234,13890.58012787,323.29593419,262.745639,2377.29873529,374.24982112,475.77752561,1466.90791768,563.33703503,6211.46610008,1835.50141987,172.54004079,0,40.698307,129.414993,2.42674079,0,0,319.40331408,4886.75549085,1181.67264992,365.07015,838.818389,396.37932943,149.35182979,88.92269867,97.43360565,49.374171,427.803376,281.3187089,354.14233716,165.262027,491.20621833,5431.65534722
202509,百萬度,26054.92170899,1517.90358747,13481.00700016,315.21311181,271.615977,2328.65835497,363.73623549,462.59893528,1406.14347843,542.84489052,5977.57510365,1812.62091301,168.14906396,0,41.871155,124.043847,2.23406196,0,0,315.90156052,4914.97424036,1190.37887896,359.471185,828.757125,387.33811961,149.34308308,91.92444116,98.77487691,48.821977,417.99696067,364.09778519,345.30384551,159.455196,473.31076627,5656.98625652
202510,百萬度,26373.3385275,1438.4907764,13887.84714526,303.13257349,282.345747,2358.89585801,362.6660499,457.04862907,1416.96046892,538.77967471,6368.30107358,1799.71707058,168.69343887,0,42.350407,124.011501,2.33153087,0,0,339.26888568,4896.33313599,1185.6788169,362.307464,845.554638,398.62584447,144.69747917,86.61594252,94.95103121,49.560236,412.63351439,359.87882116,341.32036195,160.550763,453.95822322,5642.7051453
202511,百萬度,24381.97967689,1297.52898172,12973.66080226,284.13870408,263.169726,2253.11500957,342.19236658,432.47688038,1316.38844272,505.44312142,5946.63476275,1630.10178876,177.6483948,0,43.345197,132.183683,2.1195148,0,0,298.31400618,4328.75955676,1085.30608604,293.190369,757.725977,364.77999287,119.72248762,77.0435634,88.33857831,45.950571,382.12748859,273.75234414,284.66617357,137.341936,418.81398922,5306.06793517
202512,百萬度,22362.67220528,1254.78965414,13054.70813031,287.20055282,275.127522,2250.70517529,351.74624249,464.50437207,1365.87783608,518.08011777,5924.3549178,1617.11139399,183.1686186,0,45.856505,134.960894,2.3512196,0,0,251.76200817,3686.74410862,904.49629598,270.672242,617.042855,355.36635787,108.64491834,65.45357439,74.7197453,40.90619,369.77941909,245.30957906,260.5411595,117.036149,256.77562309,3931.49968544
202601,百萬度,21782.48940905,1347.69246955,12931.51296871,285.20187902,262.910574,2359.38703657,353.52297436,468.25166196,1387.09051351,506.24244722,5696.91200377,1611.9938783,180.58073167,0,46.031005,132.197226,2.35250067,0,0,236.1077295,3546.71606655,860.97466658,249.945621,569.797836,348.4170322,100.52250828,61.82736269,71.0986683,39.093659,357.74197062,206.18372227,243.78601007,108.455371,328.87163854,3539.87944307
